firstdate_begin,lastdate_end
2026-04-19T15:00:00+02:00,2026-04-19T19:00:00+02:00
2026-05-18T11:00:00+02:00,2026-05-24T19:00:00+02:00
2026-09-28T10:00:00+02:00,2026-10-11T18:30:00+02:00
2026-06-18T19:00:00+02:00,2026-06-18T20:00:00+02:00
2026-07-04T20:30:00+02:00,2026-07-04T22:00:00+02:00
2026-03-15T15:00:00+01:00,2026-03-15T16:00:00+01:00
2026-06-05T20:30:00+02:00,2026-06-05T22:00:00+02:00
2026-03-20T20:00:00+01:00,2026-03-20T20:55:00+01:00
2026-05-14T14:00:00+02:00,2026-05-30T18:30:00+02:00
2025-12-04T08:00:00+01:00,2025-12-04T11:15:00+01:00
2025-10-16T09:00:00+02:00,2025-10-16T12:00:00+02:00
2025-09-29T09:00:00+02:00,2025-09-29T12:00:00+02:00
2025-09-23T14:00:00+02:00,2025-09-23T14:30:00+02:00
2025-09-25T09:00:00+02:00,2025-09-25T12:00:00+02:00
2026-06-13T20:30:00+02:00,2026-06-13T21:30:00+02:00
2026-04-12T11:00:00+02:00,2026-04-12T12:00:00+02:00
2026-04-12T11:00:00+02:00,2026-04-12T12:00:00+02:00
2026-03-24T18:30:00+01:00,2026-06-30T22:00:00+02:00
2026-04-07T19:30:00+02:00,2026-04-07T22:00:00+02:00
2026-11-06T19:00:00+01:00,2026-11-06T22:00:00+01:00
2026-10-10T11:00:00+02:00,2026-10-10T23:00:00+02:00
2026-08-24T09:00:00+02:00,2026-08-30T20:00:00+02:00
2026-06-01T14:30:00+02:00,2026-06-07T18:00:00+02:00
2026-09-16T12:30:00+02:00,2026-09-16T13:30:00+02:00
2026-09-06T15:00:00+02:00,2026-09-06T19:00:00+02:00
2025-11-08T11:30:00+01:00,2025-11-08T23:00:00+01:00
2026-11-07T14:00:00+01:00,2026-12-13T18:00:00+01:00
2026-11-18T20:00:00+01:00,2026-11-19T21:30:00+01:00
2027-02-02T21:00:00+01:00,2027-02-04T22:15:00+01:00
2027-01-21T20:30:00+01:00,2027-01-21T21:30:00+01:00
2027-01-21T20:30:00+01:00,2027-01-21T21:30:00+01:00
2026-11-17T19:00:00+01:00,2026-11-21T16:30:00+01:00
2026-04-23T20:00:00+02:00,2026-04-23T23:50:00+02:00
2026-04-11T20:30:00+02:00,2026-04-11T22:30:00+02:00
2027-03-18T20:30:00+01:00,2027-03-18T21:40:00+01:00
2027-01-28T19:30:00+01:00,2027-01-30T22:00:00+01:00
2026-04-13T20:30:00+02:00,2026-04-13T22:05:00+02:00
2026-06-13T16:00:00+02:00,2026-06-13T18:45:00+02:00
2026-04-12T16:00:00+02:00,2026-04-12T17:00:00+02:00
2026-01-20T20:15:00+01:00,2026-01-20T22:05:00+01:00
2026-04-01T13:00:00+02:00,2026-04-14T22:00:00+02:00
2027-03-31T20:00:00+02:00,2027-04-07T20:50:00+02:00
2026-05-28T10:00:00+02:00,2026-06-10T18:00:00+02:00
2026-11-25T18:30:00+01:00,2026-11-28T19:45:00+01:00
2027-02-16T20:00:00+01:00,2027-02-19T21:45:00+01:00
2025-10-19T15:30:00+02:00,2025-10-19T17:00:00+02:00
2026-05-29T21:00:00+02:00,2026-05-29T22:30:00+02:00
2026-03-01T15:00:00+01:00,2026-03-01T18:00:00+01:00
2026-03-25T16:00:00+01:00,2026-03-25T17:30:00+01:00
2025-10-22T10:00:00+02:00,2025-10-23T16:00:00+02:00
2026-02-18T10:00:00+01:00,2026-02-19T16:00:00+01:00
2026-04-16T10:00:00+02:00,2026-04-17T18:00:00+02:00
2026-02-18T14:30:00+01:00,2026-02-18T16:30:00+01:00
2026-06-07T14:00:00+02:00,2026-06-07T19:45:00+02:00
2027-05-21T19:30:00+02:00,2027-05-22T18:20:00+02:00
2026-03-07T20:00:00+01:00,2026-03-07T23:00:00+01:00
2027-03-19T19:00:00+01:00,2027-03-19T20:25:00+01:00
2027-03-19T19:00:00+01:00,2027-03-19T20:25:00+01:00
2026-04-22T14:30:00+02:00,2026-04-22T16:00:00+02:00
2026-11-07T16:30:00+01:00,2026-11-07T17:30:00+01:00
2026-05-24T18:00:00+02:00,2026-05-24T22:00:00+02:00
2026-01-31T20:30:00+01:00,2026-01-31T23:30:00+01:00
2026-07-23T21:00:00+02:00,2026-07-25T22:15:00+02:00
2026-03-17T21:00:00+01:00,2026-03-17T22:15:00+01:00
2027-03-24T21:00:00+01:00,2027-03-24T22:15:00+01:00
2026-03-28T15:00:00+01:00,2026-03-28T19:00:00+01:00
2026-03-28T15:00:00+01:00,2026-03-28T18:45:00+01:00
2026-10-10T10:45:00+02:00,2026-11-07T11:15:00+01:00
2026-10-07T20:30:00+02:00,2026-10-07T23:00:00+02:00
2027-02-05T21:00:00+01:00,2027-02-07T18:15:00+01:00
2026-11-05T20:00:00+01:00,2026-11-05T21:30:00+01:00
2026-04-12T16:00:00+02:00,2026-04-12T17:00:00+02:00
2026-09-19T11:00:00+02:00,2026-09-20T17:00:00+02:00
2026-07-15T21:00:00+02:00,2026-07-15T22:00:00+02:00
2027-02-11T21:00:00+01:00,2027-02-11T22:15:00+01:00
2026-09-29T21:00:00+02:00,2026-09-30T22:15:00+02:00
2026-04-02T21:00:00+02:00,2026-04-04T22:15:00+02:00
2025-09-28T17:00:00+02:00,2025-09-28T19:00:00+02:00
2026-04-26T16:00:00+02:00,2026-04-26T17:00:00+02:00
2026-04-26T16:00:00+02:00,2026-04-26T17:00:00+02:00
2026-05-30T18:00:00+02:00,2026-05-30T19:30:00+02:00
2026-05-10T12:00:00+02:00,2026-05-10T12:30:00+02:00
2026-03-07T19:00:00+01:00,2026-03-07T21:30:00+01:00
2026-06-06T18:30:00+02:00,2026-06-06T19:30:00+02:00
2026-03-12T19:30:00+01:00,2026-03-12T21:00:00+01:00
2026-08-02T16:30:00+02:00,2026-08-02T17:30:00+02:00
2026-06-18T18:00:00+02:00,2026-06-18T19:30:00+02:00
2026-04-17T20:30:00+02:00,2026-04-17T22:00:00+02:00
2026-06-02T12:45:00+02:00,2026-06-02T13:30:00+02:00
2026-10-16T20:00:00+02:00,2026-10-30T21:00:00+01:00
2026-11-16T09:00:00+01:00,2026-11-16T17:00:00+01:00
2027-01-15T21:00:00+01:00,2027-01-17T18:15:00+01:00
2027-04-09T20:30:00+02:00,2027-04-09T22:30:00+02:00
2027-01-24T17:00:00+01:00,2027-01-24T18:40:00+01:00
2026-07-25T10:00:00+02:00,2026-08-09T18:00:00+02:00
2025-12-12T17:30:00+01:00,2025-12-13T01:00:00+01:00
2025-11-28T18:30:00+01:00,2025-11-28T23:30:00+01:00
2026-06-05T10:00:00+02:00,2026-06-05T12:00:00+02:00
2026-05-20T14:00:00+02:00,2026-05-20T16:00:00+02:00
2026-06-27T15:00:00+02:00,2026-06-27T17:30:00+02:00
2026-05-07T14:00:00+02:00,2026-05-07T17:30:00+02:00
2026-05-26T18:30:00+02:00,2026-05-26T22:00:00+02:00
2026-04-28T18:30:00+02:00,2026-04-28T22:00:00+02:00
2026-06-30T18:30:00+02:00,2026-06-30T22:00:00+02:00
2026-04-30T14:00:00+02:00,2026-04-30T17:30:00+02:00
2026-07-24T15:00:00+02:00,2026-08-14T16:30:00+02:00
2026-07-17T15:00:00+02:00,2026-08-07T16:30:00+02:00
2026-07-31T15:00:00+02:00,2026-07-31T16:30:00+02:00
2025-10-21T09:00:00+02:00,2025-10-21T12:00:00+02:00
2026-04-16T09:30:00+02:00,2026-04-16T11:15:00+02:00
2026-06-03T09:45:00+02:00,2026-06-03T10:45:00+02:00
2026-04-15T15:00:00+02:00,2026-04-15T16:30:00+02:00
2026-04-13T14:00:00+02:00,2026-04-13T16:00:00+02:00
2026-09-14T18:30:00+02:00,2027-08-23T20:30:00+02:00
2025-10-06T09:00:00+02:00,2025-10-06T12:30:00+02:00
2025-11-04T08:30:00+01:00,2025-11-04T11:00:00+01:00
2026-09-15T19:00:00+02:00,2027-05-25T20:30:00+02:00
2026-04-18T14:00:00+02:00,2026-04-18T17:00:00+02:00
2026-07-30T14:00:00+02:00,2026-07-30T17:00:00+02:00
2025-09-24T13:45:00+02:00,2025-09-24T16:30:00+02:00
2026-01-27T14:30:00+01:00,2026-01-27T16:30:00+01:00
2026-04-18T14:00:00+02:00,2026-07-11T16:00:00+02:00
2026-03-21T10:00:00+01:00,2026-03-21T13:00:00+01:00
2026-04-28T09:30:00+02:00,2026-04-28T16:30:00+02:00
2026-04-17T10:00:00+02:00,2026-04-17T16:00:00+02:00
2026-03-07T14:30:00+01:00,2026-03-07T15:30:00+01:00
2026-08-06T16:00:00+02:00,2026-08-07T19:00:00+02:00
2026-05-22T09:30:00+02:00,2026-05-22T12:30:00+02:00
2026-03-21T14:00:00+01:00,2026-03-21T17:00:00+01:00
2026-09-16T15:00:00+02:00,2027-06-09T16:15:00+02:00
2026-03-24T18:00:00+01:00,2026-03-24T19:30:00+01:00
2026-09-09T09:30:00+02:00,2026-09-09T16:30:00+02:00
2026-03-11T15:00:00+01:00,2026-06-17T16:00:00+02:00
2026-06-30T14:00:00+02:00,2026-06-30T17:00:00+02:00
2026-09-08T14:00:00+02:00,2026-09-08T18:00:00+02:00
2026-02-14T16:00:00+01:00,2026-02-14T18:00:00+01:00
2026-04-15T14:30:00+02:00,2026-04-15T16:30:00+02:00
2026-09-20T10:00:00+02:00,2026-09-20T16:30:00+02:00
2026-09-19T10:00:00+02:00,2026-09-19T17:00:00+02:00
2026-02-14T14:00:00+01:00,2026-02-14T17:00:00+01:00
2026-04-17T10:30:00+02:00,2026-04-17T14:00:00+02:00
2026-04-02T14:30:00+02:00,2026-04-02T17:00:00+02:00
2026-04-14T14:00:00+02:00,2026-04-14T16:30:00+02:00
2026-09-10T13:30:00+02:00,2026-09-10T18:30:00+02:00
2026-09-12T11:00:00+02:00,2026-09-12T12:00:00+02:00
2026-09-19T17:00:00+02:00,2026-09-19T18:30:00+02:00
2026-06-12T14:00:00+02:00,2026-06-12T16:00:00+02:00
2026-05-30T10:00:00+02:00,2026-05-30T12:00:00+02:00
2026-03-08T14:45:00+01:00,2026-05-31T18:30:00+02:00
2026-06-05T14:00:00+02:00,2026-06-05T16:00:00+02:00
2026-06-10T14:00:00+02:00,2026-06-10T16:00:00+02:00
2026-10-06T15:00:00+02:00,2026-10-06T16:30:00+02:00
2026-04-16T13:00:00+02:00,2026-11-05T18:30:00+01:00
2026-05-04T14:00:00+02:00,2026-05-20T17:00:00+02:00
2026-11-17T14:30:00+01:00,2026-11-17T16:30:00+01:00
2026-04-14T14:30:00+02:00,2026-04-21T15:45:00+02:00
2026-04-16T14:30:00+02:00,2026-04-23T15:45:00+02:00
2026-05-09T16:30:00+02:00,2026-05-09T18:00:00+02:00
2026-05-09T16:30:00+02:00,2026-05-09T18:30:00+02:00
2026-10-20T14:30:00+02:00,2026-10-29T15:45:00+01:00
2026-01-17T15:00:00+01:00,2026-01-17T17:30:00+01:00
2026-02-28T15:00:00+01:00,2026-02-28T16:30:00+01:00
2026-02-08T10:00:00+01:00,2026-02-08T13:00:00+01:00
2026-04-04T11:00:00+02:00,2026-04-04T12:00:00+02:00
2026-04-17T13:00:00+02:00,2026-11-06T18:30:00+01:00
2026-06-10T13:00:00+02:00,2026-11-04T18:30:00+01:00
2026-02-04T15:00:00+01:00,2026-12-09T17:00:00+01:00
2026-03-06T15:00:00+01:00,2026-12-04T17:00:00+01:00
2025-12-05T15:00:00+01:00,2026-12-04T17:00:00+01:00
2026-06-26T16:00:00+02:00,2026-11-20T17:00:00+01:00
2026-04-17T15:00:00+02:00,2026-10-16T18:00:00+02:00
2025-12-10T15:00:00+01:00,2026-04-15T18:00:00+02:00
2025-12-02T15:00:00+01:00,2026-12-01T17:00:00+01:00
2025-12-17T15:00:00+01:00,2026-06-17T18:00:00+02:00
2026-05-27T14:00:00+02:00,2026-05-27T17:00:00+02:00
2026-04-21T15:00:00+02:00,2026-10-27T17:00:00+01:00
2026-10-20T15:00:00+02:00,2026-10-20T18:00:00+02:00
2025-12-16T15:00:00+01:00,2026-12-15T17:00:00+01:00
2026-08-25T14:30:00+02:00,2026-08-25T16:00:00+02:00
2026-06-02T10:30:00+02:00,2026-06-30T12:00:00+02:00
2026-02-11T16:00:00+01:00,2026-02-11T17:00:00+01:00
2026-01-14T16:00:00+01:00,2026-01-14T17:00:00+01:00
2026-05-06T15:00:00+02:00,2026-05-06T16:30:00+02:00
2026-04-21T10:00:00+02:00,2026-04-21T16:00:00+02:00
2026-11-14T15:30:00+01:00,2026-11-14T17:30:00+01:00
2026-03-07T10:30:00+01:00,2026-03-07T11:45:00+01:00
2026-01-03T15:30:00+01:00,2026-01-03T16:15:00+01:00
2026-03-18T10:00:00+01:00,2026-03-18T17:00:00+01:00
2026-07-06T10:00:00+02:00,2026-07-09T18:00:00+02:00
2026-02-18T14:00:00+01:00,2026-02-18T16:30:00+01:00
2026-02-18T14:00:00+01:00,2026-02-18T16:30:00+01:00
2026-02-01T14:30:00+01:00,2026-03-29T17:30:00+02:00
2026-03-28T15:00:00+01:00,2026-03-28T17:00:00+01:00
2026-07-15T10:00:00+02:00,2026-08-11T19:30:00+02:00
2026-04-15T18:30:00+02:00,2026-04-21T13:30:00+02:00
2026-04-28T14:30:00+02:00,2026-04-30T16:30:00+02:00
2026-05-19T14:30:00+02:00,2026-05-21T16:30:00+02:00
2026-04-23T10:00:00+02:00,2026-04-24T16:00:00+02:00
2026-06-03T20:00:00+02:00,2026-06-05T22:00:00+02:00
2026-03-21T15:30:00+01:00,2026-03-21T17:00:00+01:00
2026-09-15T21:00:00+02:00,2026-09-19T22:15:00+02:00
2026-04-06T14:00:00+02:00,2026-04-12T19:00:00+02:00
2026-04-06T14:00:00+02:00,2026-04-12T19:00:00+02:00
2026-05-29T18:00:00+02:00,2026-05-29T22:00:00+02:00
2026-12-22T21:00:00+01:00,2026-12-23T22:15:00+01:00
2026-05-09T20:30:00+02:00,2026-05-09T23:00:00+02:00
2026-05-16T10:30:00+02:00,2026-05-16T23:00:00+02:00
2026-05-02T20:30:00+02:00,2026-05-02T23:30:00+02:00
2027-01-06T20:30:00+01:00,2027-01-16T21:15:00+01:00
2026-10-09T20:30:00+02:00,2026-10-09T22:00:00+02:00
2026-10-09T20:30:00+02:00,2026-10-09T22:00:00+02:00
2026-10-18T10:00:00+02:00,2026-10-18T17:30:00+02:00
2026-06-14T15:30:00+02:00,2026-06-14T18:30:00+02:00
2025-11-02T15:00:00+01:00,2025-11-02T17:08:00+01:00
2026-11-25T15:00:00+01:00,2026-11-28T19:00:00+01:00
2025-09-24T20:45:00+02:00,2025-09-24T22:39:00+02:00
2026-05-24T17:00:00+02:00,2026-05-24T23:59:00+02:00
2027-05-26T20:00:00+02:00,2027-05-28T22:30:00+02:00
2026-06-12T18:00:00+02:00,2026-09-04T20:00:00+02:00
2026-04-22T17:00:00+02:00,2026-04-22T19:00:00+02:00
2026-04-04T20:30:00+02:00,2026-04-04T23:59:00+02:00
2026-05-31T11:00:00+02:00,2026-05-31T17:00:00+02:00
2026-05-30T17:00:00+02:00,2026-05-30T21:00:00+02:00
2026-02-07T20:30:00+01:00,2026-02-08T17:15:00+01:00
2026-09-26T20:00:00+02:00,2026-09-26T23:59:00+02:00
2026-07-16T10:00:00+02:00,2026-07-16T12:00:00+02:00
2026-05-30T10:00:00+02:00,2026-05-30T12:30:00+02:00
2026-05-24T14:00:00+02:00,2026-05-24T20:00:00+02:00
2026-06-28T15:00:00+02:00,2026-06-28T16:30:00+02:00
2026-05-31T10:00:00+02:00,2026-05-31T18:00:00+02:00
2026-05-30T14:00:00+02:00,2026-05-31T18:00:00+02:00
2026-06-18T18:00:00+02:00,2026-06-18T21:00:00+02:00
2026-07-10T19:30:00+02:00,2026-07-10T22:30:00+02:00
2026-05-14T15:00:00+02:00,2026-05-14T18:30:00+02:00
2026-06-06T20:30:00+02:00,2026-06-27T19:00:00+02:00
2027-01-30T18:00:00+01:00,2027-01-30T19:00:00+01:00
2025-09-09T09:00:00+02:00,2025-10-19T19:00:00+02:00
2026-06-21T13:00:00+02:00,2026-06-21T19:00:00+02:00
2026-04-26T14:00:00+02:00,2026-04-26T19:00:00+02:00
2026-09-26T15:00:00+02:00,2026-09-26T16:30:00+02:00
2026-04-04T20:00:00+02:00,2026-04-04T23:00:00+02:00
2026-04-08T18:30:00+02:00,2026-04-08T22:30:00+02:00
2026-10-30T20:00:00+01:00,2026-10-30T21:30:00+01:00
2026-12-11T20:00:00+01:00,2026-12-11T21:30:00+01:00
2026-09-09T15:00:00+02:00,2026-09-09T16:30:00+02:00
2026-05-14T15:00:00+02:00,2026-05-24T19:00:00+02:00
2026-05-15T14:00:00+02:00,2026-05-17T18:00:00+02:00
2026-05-15T08:00:00+02:00,2026-05-17T23:59:00+02:00
2026-02-16T14:30:00+01:00,2026-02-16T16:30:00+01:00
2026-03-06T14:30:00+01:00,2026-03-06T18:30:00+01:00
2026-03-22T10:00:00+01:00,2026-03-22T18:00:00+01:00
2026-05-22T18:00:00+02:00,2026-05-24T22:00:00+02:00
2026-05-19T10:30:00+02:00,2026-05-19T11:00:00+02:00
2026-05-19T10:00:00+02:00,2026-05-19T10:30:00+02:00
2026-05-20T10:00:00+02:00,2026-05-20T10:30:00+02:00
2026-05-23T11:00:00+02:00,2026-05-23T11:30:00+02:00
2026-10-10T11:00:00+02:00,2026-10-10T11:45:00+02:00
2026-05-02T11:00:00+02:00,2026-05-30T19:00:00+02:00
2026-11-27T21:00:00+01:00,2026-11-28T17:00:00+01:00
2026-06-03T15:30:00+02:00,2026-06-03T17:30:00+02:00
2026-02-24T20:00:00+01:00,2026-02-24T22:30:00+01:00
2026-04-20T11:00:00+02:00,2026-04-26T20:00:00+02:00
2026-11-27T21:00:00+01:00,2026-11-28T22:15:00+01:00
2026-05-31T15:00:00+02:00,2026-06-21T18:30:00+02:00
2026-06-07T16:30:00+02:00,2026-06-07T18:00:00+02:00
2026-04-05T18:15:00+02:00,2026-04-05T20:28:00+02:00
2026-03-12T19:00:00+01:00,2026-03-12T21:00:00+01:00
2025-10-19T18:30:00+02:00,2025-10-19T19:50:00+02:00
2025-10-13T20:15:00+02:00,2025-10-13T22:53:00+02:00
2025-10-10T19:45:00+02:00,2025-10-10T22:00:00+02:00
2026-04-10T19:00:00+02:00,2026-04-10T23:00:00+02:00
2026-02-16T19:00:00+01:00,2026-02-16T23:30:00+01:00
2025-10-23T19:00:00+02:00,2025-10-23T23:00:00+02:00
2025-11-06T20:30:00+01:00,2025-11-06T21:37:00+01:00
2025-09-24T16:15:00+02:00,2025-09-24T17:15:00+02:00
2026-05-30T16:30:00+02:00,2026-05-30T17:45:00+02:00
2026-06-06T21:00:00+02:00,2026-06-06T22:30:00+02:00
2026-03-29T14:00:00+02:00,2026-03-29T19:00:00+02:00
2026-02-28T20:00:00+01:00,2026-02-28T23:45:00+01:00
2026-03-09T18:30:00+01:00,2026-03-09T20:38:00+01:00
2026-03-19T18:30:00+01:00,2026-03-19T20:30:00+01:00
2026-09-22T14:00:00+02:00,2026-09-22T16:00:00+02:00
2025-11-23T18:15:00+01:00,2025-11-23T20:18:00+01:00
2026-06-19T20:30:00+02:00,2026-06-19T22:00:00+02:00
2026-05-29T20:30:00+02:00,2026-06-06T22:00:00+02:00
2026-06-19T20:30:00+02:00,2026-06-19T22:00:00+02:00
2026-04-11T20:00:00+02:00,2026-04-11T23:00:00+02:00
2026-03-07T20:30:00+01:00,2026-03-07T22:30:00+01:00
2026-05-13T21:00:00+02:00,2026-05-13T22:30:00+02:00
2026-05-13T21:00:00+02:00,2026-05-13T21:30:00+02:00
2026-04-25T19:30:00+02:00,2026-04-25T20:00:00+02:00
2026-03-14T15:30:00+01:00,2026-03-14T16:30:00+01:00
2026-10-10T10:30:00+02:00,2026-10-10T12:00:00+02:00
2026-11-13T17:00:00+01:00,2026-11-13T18:00:00+01:00
2026-04-29T15:30:00+02:00,2026-04-29T17:00:00+02:00
2026-05-20T15:30:00+02:00,2026-05-20T17:00:00+02:00
2027-02-19T21:00:00+01:00,2027-02-20T22:15:00+01:00
2026-10-10T20:30:00+02:00,2026-10-10T22:30:00+02:00
2026-03-18T12:30:00+01:00,2026-03-18T13:30:00+01:00
2025-10-03T09:00:00+02:00,2025-10-03T12:00:00+02:00
2026-03-23T09:30:00+01:00,2026-05-29T17:30:00+02:00
2026-10-13T19:00:00+02:00,2026-10-13T21:00:00+02:00
2026-11-13T19:00:00+01:00,2026-11-13T20:00:00+01:00
2026-08-25T18:00:00+02:00,2026-08-25T23:30:00+02:00
2026-07-17T18:00:00+02:00,2026-07-17T23:00:00+02:00
2026-06-30T12:00:00+02:00,2026-06-30T17:00:00+02:00
2026-03-27T19:30:00+01:00,2026-03-27T20:40:00+01:00
2026-06-26T00:30:00+02:00,2026-06-26T01:00:00+02:00
2026-12-01T21:00:00+01:00,2026-12-03T22:15:00+01:00
2027-04-13T21:00:00+02:00,2027-04-14T22:15:00+02:00
2026-10-17T20:30:00+02:00,2026-10-17T22:30:00+02:00
2026-06-03T18:30:00+02:00,2026-06-03T20:00:00+02:00
2026-02-11T15:30:00+01:00,2026-02-11T16:30:00+01:00
2026-02-18T16:00:00+01:00,2026-02-18T17:30:00+01:00
2026-10-21T15:30:00+02:00,2026-10-21T16:30:00+02:00
2026-12-23T15:30:00+01:00,2026-12-23T16:30:00+01:00
2026-10-28T16:00:00+01:00,2026-10-28T17:30:00+01:00
2026-12-16T15:30:00+01:00,2026-12-16T16:30:00+01:00
2026-12-16T15:00:00+01:00,2026-12-16T16:00:00+01:00
2026-12-23T16:00:00+01:00,2026-12-23T17:30:00+01:00
2026-09-23T19:00:00+02:00,2026-09-23T21:30:00+02:00
2026-01-22T20:15:00+01:00,2026-01-22T22:15:00+01:00
2026-01-17T14:30:00+01:00,2026-01-17T19:30:00+01:00
2026-05-30T14:00:00+02:00,2026-05-30T16:30:00+02:00
2026-04-18T14:00:00+02:00,2026-04-18T16:30:00+02:00
2026-03-28T14:00:00+01:00,2026-03-28T19:30:00+01:00
2025-11-04T20:00:00+01:00,2025-11-04T22:00:00+01:00
2026-01-20T20:00:00+01:00,2026-01-20T22:00:00+01:00
2026-03-03T20:00:00+01:00,2026-03-03T22:00:00+01:00
2026-03-24T20:00:00+01:00,2026-03-24T22:00:00+01:00
2026-04-07T20:00:00+02:00,2026-04-07T22:00:00+02:00
2026-02-10T20:00:00+01:00,2026-02-10T22:00:00+01:00
2026-03-31T20:00:00+02:00,2026-03-31T22:00:00+02:00
2026-02-17T20:00:00+01:00,2026-02-17T22:00:00+01:00
2026-03-10T20:00:00+01:00,2026-03-10T22:00:00+01:00
2026-09-24T20:30:00+02:00,2026-09-24T22:00:00+02:00
2026-09-24T20:30:00+02:00,2026-09-24T22:00:00+02:00
2026-02-05T21:30:00+01:00,2026-02-06T00:30:00+01:00
2026-03-12T21:30:00+01:00,2026-03-13T00:30:00+01:00
2026-01-15T21:30:00+01:00,2026-01-16T00:30:00+01:00
2026-03-19T21:30:00+01:00,2026-03-20T00:30:00+01:00
2025-11-20T21:30:00+01:00,2025-11-21T00:30:00+01:00
2026-05-21T21:30:00+02:00,2026-05-22T00:30:00+02:00
2026-01-22T21:30:00+01:00,2026-01-23T00:30:00+01:00
2025-11-27T21:30:00+01:00,2025-11-28T00:30:00+01:00
2026-01-29T21:30:00+01:00,2026-01-30T00:30:00+01:00
2026-04-30T21:30:00+02:00,2026-05-01T00:30:00+02:00
2026-03-26T21:30:00+01:00,2026-03-27T00:30:00+01:00
2026-01-24T10:30:00+01:00,2026-03-21T11:00:00+01:00
2027-03-10T20:00:00+01:00,2027-03-11T21:15:00+01:00
2026-09-20T17:00:00+02:00,2026-09-20T18:00:00+02:00
2026-12-04T21:00:00+01:00,2026-12-06T18:15:00+01:00
2026-01-24T20:30:00+01:00,2026-01-24T23:00:00+01:00
2026-07-22T14:00:00+02:00,2026-07-22T17:00:00+02:00
2025-10-03T14:00:00+02:00,2025-10-03T15:30:00+02:00
2026-02-21T20:00:00+01:00,2026-02-21T22:00:00+01:00
2026-09-26T20:00:00+02:00,2026-09-26T22:30:00+02:00
2026-02-13T07:30:00+01:00,2026-02-13T08:20:00+01:00
2026-02-07T15:00:00+01:00,2026-02-07T16:45:00+01:00
2026-03-20T18:00:00+01:00,2026-03-20T20:30:00+01:00
2026-02-21T17:00:00+01:00,2026-02-21T19:00:00+01:00
2026-03-20T20:30:00+01:00,2026-03-20T22:00:00+01:00
2026-04-12T17:00:00+02:00,2026-04-12T18:00:00+02:00
2026-04-12T16:00:00+02:00,2026-04-12T17:30:00+02:00
2026-08-30T16:00:00+02:00,2026-08-30T18:00:00+02:00
2026-08-02T19:00:00+02:00,2026-08-02T20:30:00+02:00
2026-08-23T16:15:00+02:00,2026-08-23T17:45:00+02:00
2026-01-18T16:00:00+01:00,2026-01-18T17:00:00+01:00
2026-01-17T11:00:00+01:00,2026-01-17T12:15:00+01:00
2026-03-07T20:30:00+01:00,2026-03-07T22:00:00+01:00
2026-10-10T19:30:00+02:00,2026-10-10T23:59:00+02:00
2026-03-08T17:00:00+01:00,2026-03-08T18:30:00+01:00
2026-04-19T17:00:00+02:00,2026-04-19T18:30:00+02:00
2026-03-22T17:00:00+01:00,2026-03-22T18:30:00+01:00
2026-03-06T19:00:00+01:00,2026-03-06T20:30:00+01:00
2026-03-21T11:00:00+01:00,2026-03-21T12:15:00+01:00
2026-04-06T18:30:00+02:00,2026-04-06T20:00:00+02:00
2026-06-20T11:00:00+02:00,2026-06-20T12:15:00+02:00
2026-07-23T19:30:00+02:00,2026-07-23T22:00:00+02:00
2026-08-06T20:00:00+02:00,2026-08-06T22:00:00+02:00
2026-01-25T16:00:00+01:00,2026-01-25T18:00:00+01:00
2026-04-04T17:00:00+02:00,2026-04-04T18:00:00+02:00
2026-02-13T19:30:00+01:00,2026-02-13T21:30:00+01:00
2026-06-19T20:30:00+02:00,2026-06-19T22:30:00+02:00
2026-06-06T20:00:00+02:00,2026-06-07T19:00:00+02:00
2026-02-08T16:30:00+01:00,2026-02-08T17:30:00+01:00
2026-02-08T16:30:00+01:00,2026-02-08T17:30:00+01:00
2026-04-10T19:30:00+02:00,2026-04-10T20:30:00+02:00
2026-04-03T18:30:00+02:00,2026-04-03T21:30:00+02:00
2026-03-28T16:30:00+01:00,2026-03-28T17:30:00+01:00
2026-05-17T17:00:00+02:00,2026-05-17T18:30:00+02:00
2026-05-09T20:30:00+02:00,2026-05-09T22:00:00+02:00
2026-01-29T19:00:00+01:00,2026-01-29T21:30:00+01:00
2025-10-19T15:30:00+02:00,2025-10-19T16:30:00+02:00
2026-07-09T20:00:00+02:00,2026-07-09T21:00:00+02:00
2026-05-16T19:00:00+02:00,2026-05-16T20:30:00+02:00
2026-05-20T20:00:00+02:00,2026-05-20T21:30:00+02:00
2026-02-22T17:00:00+01:00,2026-02-22T18:30:00+01:00
2026-05-17T18:00:00+02:00,2026-05-17T20:00:00+02:00
2026-04-12T17:00:00+02:00,2026-04-12T18:30:00+02:00
2026-05-20T20:00:00+02:00,2026-05-20T21:30:00+02:00
2026-03-15T17:00:00+01:00,2026-03-15T18:30:00+01:00
2026-09-18T17:30:00+02:00,2026-09-18T18:20:00+02:00
2026-05-21T20:30:00+02:00,2026-05-21T22:30:00+02:00
2026-03-08T17:00:00+01:00,2026-03-08T18:15:00+01:00
2026-05-15T21:00:00+02:00,2026-05-15T23:00:00+02:00
2026-06-05T20:30:00+02:00,2026-06-05T22:30:00+02:00
2026-06-20T20:00:00+02:00,2026-06-20T21:00:00+02:00
2026-04-06T18:30:00+02:00,2026-04-06T23:00:00+02:00
2026-06-13T15:00:00+02:00,2026-06-13T15:30:00+02:00
2026-03-29T17:00:00+02:00,2026-03-29T18:15:00+02:00
2026-03-22T15:00:00+01:00,2026-03-22T17:00:00+01:00
2026-05-13T20:30:00+02:00,2026-05-13T23:00:00+02:00
2026-06-07T16:30:00+02:00,2026-06-07T18:00:00+02:00
2026-06-20T17:00:00+02:00,2026-06-20T18:00:00+02:00
2026-05-23T19:00:00+02:00,2026-05-23T23:59:00+02:00
2026-08-13T21:00:00+02:00,2026-08-13T22:30:00+02:00
2026-04-07T20:30:00+02:00,2026-04-07T22:00:00+02:00
2026-05-22T19:30:00+02:00,2026-05-22T21:30:00+02:00
2026-05-22T18:00:00+02:00,2026-05-22T19:00:00+02:00
2026-05-02T12:00:00+02:00,2026-05-02T12:45:00+02:00
2026-02-07T19:00:00+01:00,2026-02-07T21:30:00+01:00
2026-04-14T18:00:00+02:00,2026-04-14T19:00:00+02:00
2026-04-23T20:30:00+02:00,2026-04-23T23:00:00+02:00
2026-05-03T17:00:00+02:00,2026-05-03T18:30:00+02:00
2026-07-13T19:00:00+02:00,2026-07-13T21:00:00+02:00
2026-09-18T20:00:00+02:00,2026-09-18T21:30:00+02:00
2026-05-24T15:00:00+02:00,2026-05-24T17:30:00+02:00
2026-01-01T08:00:00+01:00,2026-03-31T13:00:00+02:00
2026-04-25T19:30:00+02:00,2026-04-25T21:30:00+02:00
2026-09-19T17:00:00+02:00,2026-09-19T18:30:00+02:00
2025-11-19T14:00:00+01:00,2025-11-20T23:00:00+01:00
2026-09-19T14:00:00+02:00,2026-09-19T17:00:00+02:00
2026-09-15T20:00:00+02:00,2027-06-15T22:00:00+02:00
2026-09-15T20:00:00+02:00,2027-06-15T22:00:00+02:00
2026-01-28T10:30:00+01:00,2026-04-08T11:30:00+02:00
2026-02-06T20:00:00+01:00,2026-02-06T21:00:00+01:00
2026-06-03T16:30:00+02:00,2026-06-03T17:30:00+02:00
2026-02-01T17:00:00+01:00,2026-02-01T18:00:00+01:00
2026-03-27T20:00:00+01:00,2026-03-27T23:59:00+01:00
2026-07-10T09:30:00+02:00,2026-07-31T18:30:00+02:00
2026-07-04T10:30:00+02:00,2026-09-19T11:30:00+02:00
2026-09-07T20:00:00+02:00,2027-06-29T19:15:00+02:00
2026-10-07T16:00:00+02:00,2026-10-07T16:45:00+02:00
2026-05-30T16:00:00+02:00,2026-05-30T23:59:00+02:00
2026-09-20T10:00:00+02:00,2026-09-20T17:00:00+02:00
2026-09-20T12:00:00+02:00,2026-09-20T19:00:00+02:00
2026-03-06T14:30:00+01:00,2026-03-06T15:30:00+01:00
2026-11-20T18:30:00+01:00,2026-11-20T21:00:00+01:00
2026-03-07T14:30:00+01:00,2026-03-07T16:30:00+01:00
2026-04-22T15:00:00+02:00,2026-04-22T17:00:00+02:00
2025-10-05T12:00:00+02:00,2025-10-05T19:00:00+02:00
2025-07-30T11:30:00+02:00,2026-08-19T17:30:00+02:00
2026-07-15T11:30:00+02:00,2026-08-26T17:30:00+02:00
2026-05-23T10:00:00+02:00,2026-05-23T12:00:00+02:00
2027-06-16T21:00:00+02:00,2027-06-17T22:15:00+02:00
2026-04-28T20:00:00+02:00,2026-04-30T22:00:00+02:00
2026-11-17T21:00:00+01:00,2026-11-18T19:55:00+01:00
2026-04-29T13:30:00+02:00,2026-05-12T23:00:00+02:00
2026-03-19T20:15:00+01:00,2026-03-19T22:23:00+01:00
2025-11-11T15:30:00+01:00,2025-11-11T18:00:00+01:00
2026-11-18T20:30:00+01:00,2026-11-21T22:00:00+01:00
2026-08-26T13:00:00+02:00,2026-09-01T21:30:00+02:00
2025-09-29T19:00:00+02:00,2025-09-29T21:00:00+02:00
2026-10-18T14:00:00+02:00,2026-10-18T18:30:00+02:00
2025-11-20T20:15:00+01:00,2025-11-20T22:19:00+01:00
2026-11-17T21:00:00+01:00,2026-11-21T16:30:00+01:00
2026-08-29T15:00:00+02:00,2026-08-29T23:59:00+02:00
2026-03-25T21:00:00+01:00,2026-03-26T22:15:00+01:00
2026-05-29T19:00:00+02:00,2026-05-29T22:30:00+02:00
2026-03-06T14:30:00+01:00,2026-04-04T18:00:00+02:00
2026-04-29T10:00:00+02:00,2026-05-23T18:00:00+02:00
2026-05-24T15:00:00+02:00,2026-05-24T15:50:00+02:00
2026-03-19T13:00:00+01:00,2026-03-19T13:40:00+01:00
2026-06-28T20:30:00+02:00,2026-06-28T22:00:00+02:00
2026-05-22T19:30:00+02:00,2026-05-22T22:00:00+02:00
2026-05-20T20:30:00+02:00,2026-05-20T22:30:00+02:00
2026-05-20T20:00:00+02:00,2026-05-20T22:30:00+02:00
2026-05-24T18:30:00+02:00,2026-05-24T20:30:00+02:00
2026-05-21T18:30:00+02:00,2026-05-21T20:30:00+02:00
2026-05-23T18:30:00+02:00,2026-05-23T20:30:00+02:00
2026-05-25T20:30:00+02:00,2026-05-25T22:30:00+02:00
2026-06-15T10:30:00+02:00,2026-06-21T18:00:00+02:00
2026-02-07T17:00:00+01:00,2026-03-07T17:30:00+01:00
2026-05-06T15:00:00+02:00,2026-05-06T17:30:00+02:00
2026-05-20T10:30:00+02:00,2026-05-30T18:00:00+02:00
2026-04-25T15:00:00+02:00,2026-04-25T17:00:00+02:00
2026-05-10T12:00:00+02:00,2026-05-10T20:00:00+02:00
2026-03-20T19:30:00+01:00,2026-03-20T23:30:00+01:00
2026-04-04T20:00:00+02:00,2026-04-04T23:59:00+02:00
2026-06-16T21:00:00+02:00,2026-06-20T22:15:00+02:00
2027-03-13T20:00:00+01:00,2027-03-13T21:00:00+01:00
2026-05-22T17:30:00+02:00,2026-05-22T19:00:00+02:00
2026-01-18T17:30:00+01:00,2026-01-18T19:30:00+01:00
2026-10-07T18:30:00+02:00,2026-10-07T19:30:00+02:00
2026-09-16T19:30:00+02:00,2027-06-09T20:15:00+02:00
2025-10-14T14:00:00+02:00,2025-10-14T15:00:00+02:00
2025-10-14T15:00:00+02:00,2025-10-14T16:00:00+02:00
2025-11-04T13:00:00+01:00,2025-11-04T14:00:00+01:00
2025-11-04T14:00:00+01:00,2025-11-04T15:00:00+01:00
2026-09-20T10:00:00+02:00,2026-09-20T18:00:00+02:00
2026-09-16T16:00:00+02:00,2026-09-16T17:30:00+02:00
2026-07-12T15:00:00+02:00,2026-07-12T19:00:00+02:00
2026-06-04T18:00:00+02:00,2026-06-04T19:30:00+02:00
2026-06-27T15:00:00+02:00,2026-06-27T17:00:00+02:00
2025-09-26T09:00:00+02:00,2025-09-26T12:00:00+02:00
2026-06-14T14:00:00+02:00,2026-06-14T18:00:00+02:00
2026-06-03T19:00:00+02:00,2026-06-03T20:30:00+02:00
2026-05-22T18:30:00+02:00,2026-05-22T20:00:00+02:00
2025-09-25T09:00:00+02:00,2025-09-25T12:00:00+02:00
2027-04-15T19:00:00+02:00,2027-04-16T20:45:00+02:00
2027-04-15T19:00:00+02:00,2027-04-16T20:45:00+02:00
2026-03-06T08:45:00+01:00,2026-03-31T19:00:00+02:00
2027-05-20T20:30:00+02:00,2027-05-20T21:45:00+02:00
2026-02-05T20:30:00+01:00,2026-02-05T22:11:00+01:00
2025-10-09T09:00:00+02:00,2025-10-09T12:00:00+02:00
2026-07-17T10:00:00+02:00,2026-07-17T11:30:00+02:00
2026-02-03T20:00:00+01:00,2026-02-03T21:30:00+01:00
2026-07-07T21:00:00+02:00,2026-07-11T22:15:00+02:00
2026-09-12T20:30:00+02:00,2026-09-12T21:45:00+02:00
2026-09-09T10:45:00+02:00,2026-12-09T11:15:00+01:00
2026-01-14T10:30:00+01:00,2026-03-18T11:00:00+01:00
2026-03-22T17:00:00+01:00,2026-03-22T18:30:00+01:00
2025-12-21T17:00:00+01:00,2025-12-21T18:00:00+01:00
2026-02-15T14:00:00+01:00,2026-02-15T18:00:00+01:00
2026-11-24T21:00:00+01:00,2026-11-25T22:15:00+01:00
2026-09-23T12:30:00+02:00,2026-09-23T13:30:00+02:00
2026-09-20T16:30:00+02:00,2026-09-20T17:15:00+02:00
2025-09-23T09:00:00+02:00,2025-09-23T12:00:00+02:00
2026-10-01T09:30:00+02:00,2026-10-01T11:30:00+02:00
2026-06-09T20:30:00+02:00,2026-06-09T22:00:00+02:00
2026-02-04T16:00:00+01:00,2026-02-04T17:00:00+01:00
2026-09-06T16:00:00+02:00,2026-09-06T17:00:00+02:00
2026-03-06T14:30:00+01:00,2026-04-04T18:00:00+02:00
2026-01-21T14:00:00+01:00,2026-05-27T15:30:00+02:00
2026-01-18T15:00:00+01:00,2026-01-18T19:00:00+01:00
2026-06-21T10:00:00+02:00,2026-06-21T19:00:00+02:00
2026-04-01T09:00:00+02:00,2026-04-30T19:00:00+02:00
2026-07-06T14:30:00+02:00,2026-07-10T16:00:00+02:00
2026-10-06T16:00:00+02:00,2026-10-31T18:00:00+01:00
2026-03-04T09:00:00+01:00,2026-03-28T18:00:00+01:00
2026-06-03T16:00:00+02:00,2026-06-03T17:30:00+02:00
2026-09-03T09:00:00+02:00,2026-09-26T18:00:00+02:00
2026-03-16T16:30:00+01:00,2026-03-21T12:15:00+01:00
2026-04-07T15:00:00+02:00,2026-05-23T18:00:00+02:00
2026-05-14T08:30:00+02:00,2026-05-28T23:59:00+02:00
2026-03-04T09:00:00+01:00,2026-03-31T19:00:00+02:00
2025-10-18T14:00:00+02:00,2025-11-02T18:00:00+01:00
2026-06-01T09:00:00+02:00,2026-06-27T18:00:00+02:00
2026-02-25T09:00:00+01:00,2026-03-15T18:00:00+01:00
2026-03-05T14:00:00+01:00,2026-03-05T16:00:00+01:00
2026-02-02T09:00:00+01:00,2026-03-26T19:00:00+01:00
2026-10-11T14:00:00+02:00,2026-12-20T17:30:00+01:00
2026-03-05T08:00:00+01:00,2026-04-25T20:00:00+02:00
2026-03-25T08:00:00+01:00,2026-10-01T19:00:00+02:00
2026-03-02T00:00:00+01:00,2026-10-01T00:00:00+02:00
2026-02-14T14:00:00+01:00,2026-05-17T19:00:00+02:00
2026-06-20T14:00:00+02:00,2026-06-20T18:00:00+02:00
2026-06-02T09:00:00+02:00,2026-06-11T18:00:00+02:00
2026-06-14T14:00:00+02:00,2026-06-14T18:00:00+02:00
2026-04-27T09:30:00+02:00,2026-06-19T17:30:00+02:00
2026-09-23T18:00:00+02:00,2026-10-11T20:00:00+02:00
2026-09-19T10:00:00+02:00,2026-09-20T17:00:00+02:00
2026-04-01T10:00:00+02:00,2026-04-08T18:00:00+02:00
2026-05-16T17:00:00+02:00,2026-05-16T19:00:00+02:00
2026-08-17T10:30:00+02:00,2026-08-23T18:30:00+02:00
2026-05-21T10:00:00+02:00,2027-05-27T18:00:00+02:00
2026-05-29T14:00:00+02:00,2026-09-26T18:00:00+02:00
2026-01-26T09:00:00+01:00,2026-02-12T18:00:00+01:00
2026-02-09T09:00:00+01:00,2026-04-04T17:30:00+02:00
2026-05-04T14:00:00+02:00,2026-05-10T18:00:00+02:00
2026-05-04T14:00:00+02:00,2026-05-10T18:00:00+02:00
2026-06-30T14:00:00+02:00,2026-08-29T19:00:00+02:00
2026-05-10T10:30:00+02:00,2026-05-10T20:30:00+02:00
2026-07-25T10:00:00+02:00,2026-08-02T19:00:00+02:00
2026-05-05T15:00:00+02:00,2026-05-27T18:30:00+02:00
2026-09-19T10:00:00+02:00,2026-09-20T18:00:00+02:00
2026-10-08T13:00:00+02:00,2026-10-15T18:00:00+02:00
2026-04-27T14:00:00+02:00,2026-05-03T19:30:00+02:00
2025-04-22T14:00:00+02:00,2025-11-02T18:00:00+01:00
2025-04-22T14:00:00+02:00,2025-11-02T18:00:00+01:00
2026-03-27T14:00:00+01:00,2026-04-25T18:00:00+02:00
2026-07-01T09:00:00+02:00,2026-07-25T18:00:00+02:00
2026-07-18T14:00:00+02:00,2026-08-30T18:00:00+02:00
2025-11-30T14:30:00+01:00,2025-11-30T18:00:00+01:00
2026-09-19T14:00:00+02:00,2026-09-20T18:00:00+02:00
2026-09-20T14:00:00+02:00,2026-09-20T19:00:00+02:00
2026-09-20T14:00:00+02:00,2026-09-20T19:00:00+02:00
2027-06-09T11:00:00+02:00,2027-06-09T15:55:00+02:00
2027-02-10T20:00:00+01:00,2027-02-20T21:30:00+01:00
2027-06-02T19:00:00+02:00,2027-06-04T21:30:00+02:00
2026-06-01T10:00:00+02:00,2026-06-07T18:00:00+02:00
2026-03-22T15:00:00+01:00,2026-03-22T19:00:00+01:00
2026-03-08T12:00:00+01:00,2026-03-08T18:00:00+01:00
2026-05-22T18:30:00+02:00,2026-05-22T23:59:00+02:00
2026-01-07T20:00:00+01:00,2026-01-11T20:30:00+01:00
2026-05-22T18:00:00+02:00,2026-05-31T18:00:00+02:00
2026-07-05T17:00:00+02:00,2026-07-05T18:15:00+02:00
2025-10-20T15:30:00+02:00,2025-10-21T17:00:00+02:00
2025-12-10T19:00:00+01:00,2025-12-13T22:30:00+01:00
2026-03-15T10:00:00+01:00,2026-03-15T18:00:00+01:00
2026-01-21T13:00:00+01:00,2026-01-27T22:30:00+01:00
2026-01-15T20:30:00+01:00,2026-01-15T21:58:00+01:00
2026-03-27T20:30:00+01:00,2026-03-27T22:08:00+01:00
2026-11-18T21:00:00+01:00,2026-11-21T19:00:00+01:00
2025-09-30T20:30:00+02:00,2025-09-30T22:23:00+02:00
2025-12-02T20:30:00+01:00,2025-12-09T23:00:00+01:00
2026-02-05T20:30:00+01:00,2026-02-05T23:01:00+01:00
2026-08-03T16:00:00+02:00,2026-08-16T15:30:00+02:00
2026-03-11T14:00:00+01:00,2026-03-11T16:00:00+01:00
2026-10-17T15:30:00+02:00,2026-10-17T17:00:00+02:00
2026-05-08T20:00:00+02:00,2026-05-10T18:00:00+02:00
2026-05-08T20:00:00+02:00,2026-05-10T18:00:00+02:00
2026-05-08T18:00:00+02:00,2026-05-10T18:00:00+02:00
2026-06-27T13:30:00+02:00,2026-06-28T18:00:00+02:00
2026-03-05T20:00:00+01:00,2026-03-05T23:59:00+01:00
2025-09-28T13:30:00+02:00,2025-09-28T18:00:00+02:00
2026-05-14T20:00:00+02:00,2026-05-14T23:00:00+02:00
2026-05-24T18:00:00+02:00,2026-05-24T20:00:00+02:00
2026-05-22T18:30:00+02:00,2026-05-22T23:59:00+02:00
2026-05-22T18:30:00+02:00,2026-05-22T23:59:00+02:00
2026-05-22T18:30:00+02:00,2026-05-23T00:30:00+02:00
2026-05-22T18:30:00+02:00,2026-05-22T23:59:00+02:00
2026-05-16T21:00:00+02:00,2026-05-16T23:59:00+02:00
2026-05-23T21:00:00+02:00,2026-05-24T01:00:00+02:00
2026-05-24T20:30:00+02:00,2026-05-24T23:59:00+02:00
2026-05-23T19:30:00+02:00,2026-05-23T23:59:00+02:00
2026-05-13T18:00:00+02:00,2026-05-14T00:45:00+02:00
2026-01-22T19:00:00+01:00,2026-01-22T23:59:00+01:00
2026-04-02T18:30:00+02:00,2026-04-02T23:59:00+02:00
2026-05-24T20:30:00+02:00,2026-05-24T23:59:00+02:00
2026-01-31T20:30:00+01:00,2026-01-31T23:59:00+01:00
2026-04-25T19:30:00+02:00,2026-04-25T23:59:00+02:00
2026-05-16T14:00:00+02:00,2026-05-17T02:00:00+02:00
2026-10-20T18:00:00+02:00,2026-10-20T19:30:00+02:00
2026-05-17T14:00:00+02:00,2026-05-17T19:00:00+02:00
2026-06-06T15:00:00+02:00,2026-06-07T02:00:00+02:00
2026-05-22T19:00:00+02:00,2026-05-24T23:59:00+02:00
2026-06-11T15:00:00+02:00,2026-06-13T23:59:00+02:00
2026-09-10T19:30:00+02:00,2026-09-12T23:55:00+02:00
2026-02-07T18:00:00+01:00,2026-02-07T18:39:00+01:00
2026-05-22T18:00:00+02:00,2026-05-24T23:59:00+02:00
2026-04-17T14:00:00+02:00,2026-04-17T23:00:00+02:00
2026-05-31T15:00:00+02:00,2026-05-31T16:00:00+02:00
2026-06-14T17:00:00+02:00,2026-06-14T18:00:00+02:00
2026-06-07T14:00:00+02:00,2026-06-07T15:15:00+02:00
2026-06-14T15:30:00+02:00,2026-06-14T16:30:00+02:00
2026-06-07T16:30:00+02:00,2026-06-07T18:00:00+02:00
2026-05-31T14:00:00+02:00,2026-05-31T15:30:00+02:00
2026-06-07T21:00:00+02:00,2026-06-07T22:30:00+02:00
2026-05-31T17:00:00+02:00,2026-05-31T18:30:00+02:00
2026-05-20T10:00:00+02:00,2026-05-24T22:00:00+02:00
2026-07-05T15:00:00+02:00,2026-07-05T15:30:00+02:00
2026-07-05T14:00:00+02:00,2026-07-05T19:00:00+02:00
2026-07-05T16:15:00+02:00,2026-07-05T17:00:00+02:00
2026-07-05T12:00:00+02:00,2026-07-05T13:30:00+02:00
2026-07-05T12:00:00+02:00,2026-07-05T13:30:00+02:00
2026-07-05T11:00:00+02:00,2026-07-05T11:45:00+02:00
2026-07-05T16:00:00+02:00,2026-07-05T17:30:00+02:00
2026-07-05T18:00:00+02:00,2026-07-05T19:15:00+02:00
2026-07-05T12:00:00+02:00,2026-07-05T17:50:00+02:00
2026-07-13T21:00:00+02:00,2026-08-17T23:00:00+02:00
2026-04-05T15:00:00+02:00,2026-04-05T16:00:00+02:00
2026-04-12T16:00:00+02:00,2026-04-12T17:00:00+02:00
2026-04-12T17:00:00+02:00,2026-04-12T18:30:00+02:00
2026-04-12T15:00:00+02:00,2026-04-12T16:00:00+02:00
2026-04-12T19:00:00+02:00,2026-04-12T23:00:00+02:00
2026-03-29T14:00:00+02:00,2026-03-29T19:00:00+02:00
2026-04-25T18:00:00+02:00,2026-05-06T17:00:00+02:00
2026-07-11T18:00:00+02:00,2026-07-11T23:59:00+02:00
2026-03-21T14:30:00+01:00,2026-03-21T21:00:00+01:00
2026-03-15T14:30:00+01:00,2026-03-15T18:30:00+01:00
2026-07-04T16:00:00+02:00,2026-07-04T23:59:00+02:00
2026-05-09T10:00:00+02:00,2026-05-10T19:00:00+02:00
2026-02-11T13:45:00+01:00,2026-02-11T15:45:00+01:00
2026-02-14T21:00:00+01:00,2026-02-14T23:30:00+01:00
2026-02-15T16:30:00+01:00,2026-02-15T18:45:00+01:00
2026-02-15T18:00:00+01:00,2026-02-15T19:30:00+01:00
2026-02-04T16:30:00+01:00,2026-02-04T17:15:00+01:00
2026-09-26T13:00:00+02:00,2026-09-27T19:00:00+02:00
2026-04-11T10:00:00+02:00,2026-04-12T18:00:00+02:00
2026-08-28T18:00:00+02:00,2026-08-29T23:59:00+02:00
2026-04-11T12:00:00+02:00,2026-04-12T17:00:00+02:00
2026-04-11T12:00:00+02:00,2026-04-12T17:00:00+02:00
2026-04-12T10:00:00+02:00,2026-04-12T17:00:00+02:00
2026-03-21T10:00:00+01:00,2026-03-21T18:00:00+01:00
2026-07-15T21:00:00+02:00,2026-07-15T22:00:00+02:00
2026-03-12T20:30:00+01:00,2026-03-12T22:30:00+01:00
2026-03-27T20:30:00+01:00,2026-03-27T22:15:00+01:00
2026-03-29T15:00:00+02:00,2026-03-29T16:15:00+02:00
2026-03-28T15:00:00+01:00,2026-03-28T17:00:00+01:00
2026-03-28T18:00:00+01:00,2026-03-28T19:00:00+01:00
2026-03-28T20:30:00+01:00,2026-03-28T21:50:00+01:00
2026-03-29T20:30:00+02:00,2026-03-29T21:45:00+02:00
2026-07-11T18:00:00+02:00,2026-07-11T23:59:00+02:00
2026-03-13T20:00:00+01:00,2026-03-13T21:00:00+01:00
2026-03-13T20:00:00+01:00,2026-03-13T21:00:00+01:00
2026-03-13T20:00:00+01:00,2026-04-28T20:00:00+02:00
2026-05-23T09:00:00+02:00,2026-05-25T23:00:00+02:00
2026-04-11T19:00:00+02:00,2026-04-11T22:30:00+02:00
2026-03-06T09:00:00+01:00,2026-03-20T18:00:00+01:00
2026-07-19T17:00:00+02:00,2026-07-19T19:00:00+02:00
2026-04-19T15:00:00+02:00,2026-04-19T15:30:00+02:00
2026-05-03T09:00:00+02:00,2026-05-03T18:00:00+02:00
2026-08-26T14:00:00+02:00,2026-08-26T17:00:00+02:00
2026-05-23T19:30:00+02:00,2026-05-24T01:00:00+02:00
2026-05-30T19:30:00+02:00,2026-05-31T01:00:00+02:00
2026-09-10T09:30:00+02:00,2026-09-10T12:30:00+02:00
2026-05-19T16:00:00+02:00,2026-05-19T23:59:00+02:00
2026-01-09T13:00:00+01:00,2026-03-21T18:00:00+01:00
2026-01-30T12:00:00+01:00,2026-05-24T18:00:00+02:00
2026-01-30T14:00:00+01:00,2026-03-21T18:00:00+01:00
2027-03-11T20:30:00+01:00,2027-03-11T21:45:00+01:00
2026-06-26T19:30:00+02:00,2026-06-26T23:29:00+02:00
2026-06-21T11:00:00+02:00,2026-06-21T18:00:00+02:00
2026-05-17T10:00:00+02:00,2026-05-17T18:00:00+02:00
2026-05-17T10:30:00+02:00,2026-05-17T18:00:00+02:00
2026-05-16T17:30:00+02:00,2026-05-16T23:59:00+02:00
2026-05-17T17:00:00+02:00,2026-05-17T18:00:00+02:00
2026-05-14T16:00:00+02:00,2026-05-14T23:59:00+02:00
2026-05-14T10:30:00+02:00,2026-05-15T23:59:00+02:00
2026-05-24T11:00:00+02:00,2026-05-24T20:00:00+02:00
2026-06-21T11:00:00+02:00,2026-06-21T21:00:00+02:00
2026-06-20T10:00:00+02:00,2026-06-20T19:00:00+02:00
2026-05-14T16:00:00+02:00,2026-05-14T23:59:00+02:00
2026-06-07T15:00:00+02:00,2026-06-07T21:00:00+02:00
2026-06-21T11:00:00+02:00,2026-06-21T21:00:00+02:00
2027-06-19T12:30:00+02:00,2027-06-19T23:59:00+02:00
2026-06-21T13:15:00+02:00,2026-06-21T23:00:00+02:00
2026-06-20T19:00:00+02:00,2026-06-20T23:59:00+02:00
2026-06-26T18:00:00+02:00,2026-06-26T23:45:00+02:00
2026-06-20T10:00:00+02:00,2026-06-20T18:00:00+02:00
2026-05-06T18:30:00+02:00,2026-05-06T20:00:00+02:00
2026-06-20T14:00:00+02:00,2026-06-20T18:00:00+02:00
2026-06-07T14:00:00+02:00,2026-06-07T18:00:00+02:00
2026-05-24T14:00:00+02:00,2026-05-24T19:00:00+02:00
2026-03-25T15:00:00+01:00,2026-03-25T16:00:00+01:00
2026-03-28T11:00:00+01:00,2026-03-28T12:00:00+01:00
2026-03-25T10:00:00+01:00,2026-03-28T17:00:00+01:00
2026-03-25T16:00:00+01:00,2026-03-25T16:30:00+01:00
2026-03-26T16:00:00+01:00,2026-03-26T17:30:00+01:00
2026-03-22T14:00:00+01:00,2026-03-22T18:00:00+01:00
2026-05-31T14:30:00+02:00,2026-05-31T18:30:00+02:00
2026-05-08T10:00:00+02:00,2026-05-08T18:00:00+02:00
2026-06-27T17:00:00+02:00,2026-06-27T23:59:00+02:00
2026-05-30T10:00:00+02:00,2026-05-30T17:00:00+02:00
2026-05-23T10:30:00+02:00,2026-05-23T23:30:00+02:00
2026-04-25T10:30:00+02:00,2026-04-25T15:00:00+02:00
2027-03-20T20:30:00+01:00,2027-03-20T22:00:00+01:00
2025-12-04T20:30:00+01:00,2025-12-04T22:30:00+01:00
2025-09-24T18:30:00+02:00,2025-09-24T20:08:00+02:00
2027-03-23T20:30:00+01:00,2027-03-23T22:15:00+01:00
2027-03-23T20:30:00+01:00,2027-03-23T22:15:00+01:00
2026-05-04T20:30:00+02:00,2026-05-05T23:30:00+02:00
2026-09-27T16:00:00+02:00,2026-09-27T17:00:00+02:00
2026-05-14T10:30:00+02:00,2026-05-16T00:45:00+02:00
2026-07-10T20:30:00+02:00,2026-07-10T22:30:00+02:00
2026-12-10T21:00:00+01:00,2026-12-12T22:15:00+01:00
2026-10-06T21:00:00+02:00,2026-10-07T22:15:00+02:00
2026-05-09T14:00:00+02:00,2026-05-09T15:00:00+02:00
2026-05-09T14:00:00+02:00,2026-05-09T15:00:00+02:00
2026-05-09T14:00:00+02:00,2026-05-09T15:00:00+02:00
2027-02-12T20:00:00+01:00,2027-02-12T21:00:00+01:00
2026-05-31T15:00:00+02:00,2026-05-31T20:00:00+02:00
2026-05-31T14:00:00+02:00,2026-05-31T19:00:00+02:00
2026-05-14T14:00:00+02:00,2026-05-14T20:30:00+02:00
2026-05-14T12:00:00+02:00,2026-05-31T13:00:00+02:00
2026-02-26T15:00:00+01:00,2026-02-26T17:00:00+01:00
2026-05-31T18:00:00+02:00,2026-05-31T20:00:00+02:00
2026-06-14T15:30:00+02:00,2026-06-14T19:00:00+02:00
2026-09-20T17:00:00+02:00,2026-09-20T18:00:00+02:00
2026-09-19T18:00:00+02:00,2026-09-19T19:00:00+02:00
2026-06-24T09:00:00+02:00,2026-06-24T19:00:00+02:00
2026-03-13T18:30:00+01:00,2026-03-15T18:00:00+01:00
2026-07-25T11:00:00+02:00,2026-07-25T12:00:00+02:00
2027-03-12T21:00:00+01:00,2027-03-13T22:15:00+01:00
2026-04-07T21:00:00+02:00,2026-04-09T22:15:00+02:00
2026-08-16T15:00:00+02:00,2026-08-16T16:30:00+02:00
2026-07-15T15:00:00+02:00,2026-08-06T16:30:00+02:00
2026-08-19T15:00:00+02:00,2026-08-19T16:30:00+02:00
2026-05-23T10:00:00+02:00,2026-05-24T19:00:00+02:00
2026-05-13T12:30:00+02:00,2026-05-13T13:30:00+02:00
2026-02-15T15:30:00+01:00,2026-02-15T16:10:00+01:00
2026-03-05T20:10:00+01:00,2026-03-05T22:11:00+01:00
2026-04-28T20:15:00+02:00,2026-04-28T21:13:00+02:00
2026-07-07T10:00:00+02:00,2026-07-07T16:30:00+02:00
2026-02-02T12:00:00+01:00,2026-02-24T18:30:00+01:00
2025-10-31T14:00:00+01:00,2025-10-31T17:30:00+01:00
2026-11-27T20:30:00+01:00,2026-11-27T21:50:00+01:00
2027-01-15T20:30:00+01:00,2027-01-15T22:15:00+01:00
2026-06-11T18:30:00+02:00,2026-06-11T20:30:00+02:00
2027-02-16T21:00:00+01:00,2027-02-18T22:15:00+01:00
2026-06-28T17:00:00+02:00,2026-06-28T18:30:00+02:00
2026-05-20T16:00:00+02:00,2026-05-20T17:30:00+02:00
2026-05-20T16:00:00+02:00,2026-05-20T17:30:00+02:00
2026-05-23T15:00:00+02:00,2026-05-23T15:45:00+02:00
2026-05-15T10:00:00+02:00,2026-05-23T19:00:00+02:00
2026-10-14T17:00:00+02:00,2026-10-14T17:45:00+02:00
2026-05-09T12:00:00+02:00,2026-05-10T12:30:00+02:00
2026-05-09T12:00:00+02:00,2026-05-10T12:30:00+02:00
2026-05-10T12:00:00+02:00,2026-05-10T12:30:00+02:00
2026-07-29T14:00:00+02:00,2026-07-29T17:00:00+02:00
2026-01-24T10:30:00+01:00,2026-03-07T11:00:00+01:00
2026-10-03T10:45:00+02:00,2026-10-03T11:15:00+02:00
2026-10-03T10:45:00+02:00,2026-10-03T11:15:00+02:00
2026-01-17T10:30:00+01:00,2026-02-14T11:00:00+01:00
2026-11-08T15:30:00+01:00,2026-11-08T16:30:00+01:00
2026-02-21T19:00:00+01:00,2026-02-21T23:00:00+01:00
2026-08-31T10:00:00+02:00,2026-09-07T20:00:00+02:00
2026-06-17T20:30:00+02:00,2026-06-17T22:00:00+02:00
2026-04-28T21:00:00+02:00,2026-04-30T22:15:00+02:00
2026-04-04T19:00:00+02:00,2026-04-04T23:00:00+02:00
2027-06-11T20:30:00+02:00,2027-06-11T22:00:00+02:00
2027-06-11T20:30:00+02:00,2027-06-11T22:00:00+02:00
2027-03-24T19:00:00+01:00,2027-03-25T21:30:00+01:00
2027-03-24T19:00:00+01:00,2027-03-25T21:30:00+01:00
2026-05-23T16:00:00+02:00,2026-05-23T22:59:00+02:00
2026-07-06T11:00:00+02:00,2026-07-12T19:00:00+02:00
2026-02-20T19:00:00+01:00,2026-02-20T21:30:00+01:00
2026-10-22T21:00:00+02:00,2026-10-25T18:15:00+01:00
2026-02-01T20:15:00+01:00,2026-02-01T23:00:00+01:00
2025-10-03T14:00:00+02:00,2025-10-03T15:30:00+02:00
2026-09-19T10:00:00+02:00,2026-09-20T18:00:00+02:00
2026-05-05T17:30:00+02:00,2026-05-05T18:30:00+02:00
2026-06-28T17:00:00+02:00,2026-06-28T19:00:00+02:00
2026-09-14T20:00:00+02:00,2026-09-14T21:30:00+02:00
2026-04-10T19:00:00+02:00,2026-04-11T20:30:00+02:00
2026-09-25T19:00:00+02:00,2026-09-25T22:00:00+02:00
2026-03-16T20:30:00+01:00,2026-03-16T22:30:00+01:00
2026-07-12T16:00:00+02:00,2026-07-12T19:00:00+02:00
2026-03-30T19:30:00+02:00,2026-03-30T22:30:00+02:00
2026-04-24T09:30:00+02:00,2026-04-24T17:00:00+02:00
2026-06-28T16:00:00+02:00,2026-06-28T19:00:00+02:00
2026-11-25T15:30:00+01:00,2026-11-25T17:00:00+01:00
2026-05-27T15:00:00+02:00,2026-05-27T17:30:00+02:00
2027-02-06T10:00:00+01:00,2027-02-07T17:30:00+01:00
2026-06-04T12:15:00+02:00,2026-06-04T13:45:00+02:00
2026-05-22T15:00:00+02:00,2026-05-22T17:00:00+02:00
2026-10-21T15:00:00+02:00,2026-10-21T16:00:00+02:00
2025-09-25T09:00:00+02:00,2025-09-25T12:00:00+02:00
2026-09-13T16:00:00+02:00,2026-09-13T17:00:00+02:00
2026-05-14T14:00:00+02:00,2026-05-29T18:00:00+02:00
2027-01-14T20:00:00+01:00,2027-01-14T21:30:00+01:00
2026-11-25T19:00:00+01:00,2026-11-27T20:00:00+01:00
2025-10-23T08:45:00+02:00,2025-10-23T11:45:00+02:00
2026-03-21T16:00:00+01:00,2026-03-21T17:43:00+01:00
2027-03-17T20:00:00+01:00,2027-03-17T20:50:00+01:00
2027-03-17T20:00:00+01:00,2027-03-17T20:50:00+01:00
2026-04-25T14:00:00+02:00,2026-04-25T16:07:00+02:00
2026-05-16T15:00:00+02:00,2026-05-16T15:45:00+02:00
2026-04-15T19:30:00+02:00,2026-04-15T23:00:00+02:00
2026-02-08T14:00:00+01:00,2026-02-08T19:00:00+01:00
2026-09-06T18:00:00+02:00,2026-09-06T19:15:00+02:00
2026-05-03T18:00:00+02:00,2026-05-03T19:15:00+02:00
2026-02-01T17:00:00+01:00,2026-02-01T18:30:00+01:00
2026-07-16T18:00:00+02:00,2026-07-16T19:30:00+02:00
2026-03-25T15:00:00+01:00,2026-03-25T15:30:00+01:00
2026-06-07T15:00:00+02:00,2026-06-07T17:00:00+02:00
2026-02-25T10:00:00+01:00,2026-04-04T17:00:00+02:00
2026-03-06T14:30:00+01:00,2026-04-04T18:00:00+02:00
2026-03-21T15:30:00+01:00,2026-03-21T16:30:00+01:00
2026-11-14T10:00:00+01:00,2027-06-14T12:00:00+02:00
2026-06-13T16:00:00+02:00,2026-06-13T22:30:00+02:00
2025-12-02T09:30:00+01:00,2025-12-02T16:30:00+01:00
2026-05-31T12:00:00+02:00,2026-05-31T17:00:00+02:00
2026-03-11T10:00:00+01:00,2026-03-11T18:30:00+01:00
2026-05-23T15:30:00+02:00,2026-05-23T18:30:00+02:00
2026-07-07T09:00:00+02:00,2026-07-16T17:00:00+02:00
2026-11-21T14:00:00+01:00,2026-11-21T18:00:00+01:00
2026-09-19T14:00:00+02:00,2026-09-19T18:00:00+02:00
2026-10-13T20:00:00+02:00,2026-10-13T21:30:00+02:00
2027-05-22T15:00:00+02:00,2027-05-22T18:30:00+02:00
2026-09-19T15:00:00+02:00,2026-09-19T16:30:00+02:00
2026-06-13T14:00:00+02:00,2026-07-18T18:00:00+02:00
2027-04-16T20:30:00+02:00,2027-04-16T21:45:00+02:00
2026-07-04T17:30:00+02:00,2026-07-04T23:59:00+02:00
2026-03-21T21:30:00+01:00,2026-03-21T23:23:00+01:00
2026-11-25T20:00:00+01:00,2026-11-28T19:45:00+01:00
2026-05-16T15:00:00+02:00,2026-05-16T21:30:00+02:00
2026-11-26T20:00:00+01:00,2026-11-26T21:30:00+01:00
2027-02-09T21:00:00+01:00,2027-02-10T22:15:00+01:00
2026-05-20T20:00:00+02:00,2026-05-20T23:30:00+02:00
2026-10-01T21:00:00+02:00,2026-10-03T22:15:00+02:00
2026-04-15T16:00:00+02:00,2026-04-15T17:00:00+02:00
2025-11-27T20:10:00+01:00,2025-11-27T22:21:00+01:00
2025-11-06T18:15:00+01:00,2025-11-06T20:07:00+01:00
2025-10-03T21:00:00+02:00,2025-10-03T23:00:00+02:00
2026-04-24T19:30:00+02:00,2026-04-24T20:00:00+02:00
2026-12-08T20:00:00+01:00,2026-12-08T21:30:00+01:00
2026-11-12T20:00:00+01:00,2026-11-12T22:00:00+01:00
2026-01-24T14:00:00+01:00,2026-01-25T18:00:00+01:00
2026-02-07T11:00:00+01:00,2026-02-07T12:30:00+01:00
2025-11-05T20:10:00+01:00,2025-11-05T21:48:00+01:00
2025-11-30T18:00:00+01:00,2025-11-30T19:45:00+01:00
2026-02-05T19:00:00+01:00,2026-02-05T21:00:00+01:00
2026-06-16T20:30:00+02:00,2026-06-16T22:00:00+02:00
2026-05-26T21:00:00+02:00,2026-05-27T22:15:00+02:00
2026-04-10T20:30:00+02:00,2026-04-10T22:00:00+02:00
2026-01-25T11:00:00+01:00,2026-01-25T18:00:00+01:00
2026-02-23T11:30:00+01:00,2026-03-24T19:30:00+01:00
2026-05-21T18:00:00+02:00,2026-05-21T19:30:00+02:00
2026-09-20T11:00:00+02:00,2026-09-20T12:00:00+02:00
2026-10-03T16:30:00+02:00,2026-10-03T17:00:00+02:00
2026-09-19T18:00:00+02:00,2026-09-19T19:30:00+02:00
2026-01-16T20:00:00+01:00,2026-01-16T22:30:00+01:00
2025-10-05T15:30:00+02:00,2025-10-05T17:30:00+02:00
2026-05-29T19:00:00+02:00,2026-05-30T15:00:00+02:00
2025-09-23T20:30:00+02:00,2025-09-23T22:30:00+02:00
2026-04-26T10:30:00+02:00,2026-04-26T18:00:00+02:00
2026-02-17T20:30:00+01:00,2026-02-17T23:00:00+01:00
2026-10-09T20:00:00+02:00,2026-10-09T23:00:00+02:00
2026-06-28T13:30:00+02:00,2026-07-01T23:00:00+02:00
2026-02-24T18:30:00+01:00,2026-02-24T20:14:00+01:00
2026-05-23T17:30:00+02:00,2026-05-23T18:45:00+02:00
2026-03-09T20:15:00+01:00,2026-03-09T22:14:00+01:00
2026-03-08T14:00:00+01:00,2026-03-08T17:00:00+01:00
2025-10-02T19:00:00+02:00,2025-10-02T21:00:00+02:00
2027-03-18T19:00:00+01:00,2027-03-18T20:15:00+01:00
2027-03-18T19:00:00+01:00,2027-03-18T20:15:00+01:00
2025-12-07T15:30:00+01:00,2025-12-07T18:00:00+01:00
2026-04-29T15:30:00+02:00,2026-05-03T16:30:00+02:00
2025-11-21T20:30:00+01:00,2025-11-21T23:19:00+01:00
2025-12-18T20:30:00+01:00,2025-12-18T23:00:00+01:00
2026-01-24T17:00:00+01:00,2026-01-24T19:30:00+01:00
2026-02-04T19:00:00+01:00,2026-02-04T19:45:00+01:00
2026-01-27T20:15:00+01:00,2026-01-27T22:16:00+01:00
2025-09-23T20:45:00+02:00,2025-09-23T22:28:00+02:00
2026-05-06T15:30:00+02:00,2026-05-06T17:30:00+02:00
2026-03-21T14:15:00+01:00,2026-03-21T15:56:00+01:00
2025-09-30T09:00:00+02:00,2025-09-30T11:00:00+02:00
2026-03-01T16:30:00+01:00,2026-03-01T18:00:00+01:00
2026-06-27T20:00:00+02:00,2026-06-28T18:00:00+02:00
2026-04-30T20:15:00+02:00,2026-04-30T21:45:00+02:00
2026-05-05T14:00:00+02:00,2026-05-05T16:07:00+02:00
2026-04-26T18:30:00+02:00,2026-04-26T20:31:00+02:00
2026-04-19T10:30:00+02:00,2026-04-19T18:00:00+02:00
2026-10-11T10:00:00+02:00,2026-10-11T20:30:00+02:00
2026-06-10T14:15:00+02:00,2026-06-10T14:45:00+02:00
2026-09-18T20:00:00+02:00,2026-09-18T22:30:00+02:00
2025-11-30T18:15:00+01:00,2025-11-30T20:36:00+01:00
2025-11-07T20:30:00+01:00,2025-11-07T23:10:00+01:00
2025-10-16T20:10:00+02:00,2025-10-16T21:54:00+02:00
2026-03-31T20:15:00+02:00,2026-03-31T21:20:00+02:00
2026-11-17T20:00:00+01:00,2026-11-28T22:50:00+01:00
2026-11-17T20:30:00+01:00,2026-11-21T22:45:00+01:00
2026-05-31T14:00:00+02:00,2026-05-31T15:30:00+02:00
2025-10-09T20:15:00+02:00,2025-10-09T21:53:00+02:00
2026-02-10T20:30:00+01:00,2026-02-10T22:06:00+01:00
2025-11-07T20:15:00+01:00,2025-11-07T22:05:00+01:00
2026-06-28T16:00:00+02:00,2026-06-28T18:00:00+02:00
2026-05-28T20:30:00+02:00,2026-06-11T22:00:00+02:00
2027-05-19T19:30:00+02:00,2027-05-20T21:20:00+02:00
2026-03-20T20:30:00+01:00,2026-03-20T23:00:00+01:00
2026-02-01T16:15:00+01:00,2026-02-01T17:26:00+01:00
2026-01-25T14:00:00+01:00,2026-01-25T15:49:00+01:00
2026-06-20T18:30:00+02:00,2026-06-21T19:30:00+02:00
2026-06-13T17:00:00+02:00,2026-06-13T18:00:00+02:00
2025-09-23T14:00:00+02:00,2025-09-23T15:42:00+02:00
2026-04-14T20:15:00+02:00,2026-04-14T22:02:00+02:00
2027-01-06T19:00:00+01:00,2027-01-16T18:55:00+01:00
2026-06-25T20:30:00+02:00,2026-06-25T22:00:00+02:00
2026-06-04T20:30:00+02:00,2026-06-12T22:00:00+02:00
2026-06-13T20:00:00+02:00,2026-06-13T21:15:00+02:00
2026-12-15T19:30:00+01:00,2026-12-18T23:30:00+01:00
2026-03-08T15:00:00+01:00,2026-03-08T17:00:00+01:00
2025-10-21T20:30:00+02:00,2025-10-21T22:03:00+02:00
2026-10-06T20:00:00+02:00,2026-10-06T22:00:00+02:00
2026-03-25T20:00:00+01:00,2026-03-26T22:20:00+01:00
2026-05-08T19:30:00+02:00,2026-05-08T20:00:00+02:00
2026-04-19T18:00:00+02:00,2026-04-19T20:00:00+02:00
2025-11-15T15:30:00+01:00,2025-11-15T17:30:00+01:00
2026-04-10T19:30:00+02:00,2026-04-10T23:59:00+02:00
2026-10-28T15:00:00+01:00,2026-11-01T15:45:00+01:00
2026-10-21T15:00:00+02:00,2026-10-25T15:45:00+01:00
2026-10-04T11:00:00+02:00,2026-10-04T16:00:00+02:00
2026-09-13T12:00:00+02:00,2026-09-13T20:00:00+02:00
2026-05-28T21:00:00+02:00,2026-05-28T22:15:00+02:00
2026-05-29T21:00:00+02:00,2026-05-30T22:15:00+02:00
2025-10-06T14:00:00+02:00,2025-10-06T16:30:00+02:00
2026-05-17T10:00:00+02:00,2026-05-17T20:00:00+02:00
2026-06-26T17:00:00+02:00,2026-06-26T23:59:00+02:00
2027-01-15T20:00:00+01:00,2027-01-15T21:00:00+01:00
2026-09-19T10:00:00+02:00,2026-09-19T17:00:00+02:00
2026-06-05T18:30:00+02:00,2026-06-06T00:30:00+02:00
2026-05-10T09:00:00+02:00,2026-05-10T18:00:00+02:00
2026-05-16T20:00:00+02:00,2026-05-16T21:15:00+02:00
2027-02-02T20:00:00+01:00,2027-02-02T20:50:00+01:00
2026-03-28T14:00:00+01:00,2026-03-28T15:00:00+01:00
2026-05-01T17:00:00+02:00,2026-05-17T18:30:00+02:00
2026-09-06T15:00:00+02:00,2026-09-06T18:00:00+02:00
2026-07-08T15:30:00+02:00,2026-07-08T16:30:00+02:00
2026-06-14T10:00:00+02:00,2026-06-14T18:00:00+02:00
2026-03-06T14:30:00+01:00,2026-04-04T18:00:00+02:00
2026-10-20T16:00:00+02:00,2026-10-20T17:30:00+02:00
2026-12-12T17:00:00+01:00,2026-12-12T19:00:00+01:00
2026-10-10T17:00:00+02:00,2026-10-10T19:00:00+02:00
2026-10-16T12:00:00+02:00,2026-10-16T12:30:00+02:00
2026-09-19T09:00:00+02:00,2026-09-20T18:00:00+02:00
2026-09-19T14:00:00+02:00,2026-09-20T12:00:00+02:00
2026-11-25T10:00:00+01:00,2026-11-25T18:00:00+01:00
2026-01-16T20:00:00+01:00,2026-01-16T21:30:00+01:00
2026-02-14T17:00:00+01:00,2026-02-14T19:00:00+01:00
2026-05-23T11:00:00+02:00,2026-05-23T12:00:00+02:00
2026-05-15T18:30:00+02:00,2026-05-15T23:55:00+02:00
2026-11-13T14:30:00+01:00,2026-12-05T18:00:00+01:00
2026-05-12T21:00:00+02:00,2026-05-16T22:15:00+02:00
2026-06-08T20:00:00+02:00,2026-06-10T22:00:00+02:00
2026-09-18T17:00:00+02:00,2026-09-18T18:30:00+02:00
2026-09-18T21:30:00+02:00,2026-09-18T22:20:00+02:00
2026-09-18T19:00:00+02:00,2026-09-18T19:30:00+02:00
2026-04-03T18:00:00+02:00,2026-04-04T23:00:00+02:00
2026-10-16T19:00:00+02:00,2026-10-16T21:00:00+02:00
2026-09-30T12:30:00+02:00,2026-09-30T13:30:00+02:00
2027-02-13T14:00:00+01:00,2027-04-04T17:30:00+02:00
2026-06-09T21:00:00+02:00,2026-06-13T22:15:00+02:00
2026-05-06T12:30:00+02:00,2026-05-06T13:30:00+02:00
2026-09-19T10:30:00+02:00,2026-09-19T16:45:00+02:00
2026-05-23T10:00:00+02:00,2026-05-24T19:00:00+02:00
2026-08-29T18:00:00+02:00,2026-08-29T23:59:00+02:00
2026-02-01T10:00:00+01:00,2026-02-01T13:00:00+01:00
2026-06-13T11:00:00+02:00,2026-06-13T20:00:00+02:00
2026-04-26T14:30:00+02:00,2026-04-26T20:00:00+02:00
2026-10-23T15:00:00+02:00,2026-10-23T15:45:00+02:00
2026-09-16T19:00:00+02:00,2026-09-16T23:59:00+02:00
2027-01-31T15:00:00+01:00,2027-01-31T16:00:00+01:00
2026-12-19T15:00:00+01:00,2026-12-30T15:45:00+01:00
2026-12-04T20:00:00+01:00,2026-12-04T21:00:00+01:00
2026-11-06T20:30:00+01:00,2026-11-06T21:50:00+01:00
2026-04-14T10:30:00+02:00,2026-04-14T12:00:00+02:00
2026-04-18T14:00:00+02:00,2026-04-18T17:00:00+02:00
2026-04-26T13:00:00+02:00,2026-04-26T18:00:00+02:00
2026-05-30T16:00:00+02:00,2026-05-30T17:00:00+02:00
2026-06-10T20:30:00+02:00,2026-06-10T22:00:00+02:00
2027-02-05T20:30:00+01:00,2027-02-05T21:50:00+01:00
2026-06-08T20:00:00+02:00,2026-06-08T21:30:00+02:00
2026-01-27T17:00:00+01:00,2026-03-03T18:00:00+01:00
2026-06-18T12:00:00+02:00,2026-06-18T14:00:00+02:00
2026-06-19T14:00:00+02:00,2026-08-01T18:00:00+02:00
2026-04-30T20:30:00+02:00,2026-04-30T22:00:00+02:00
2026-07-28T14:00:00+02:00,2026-07-28T16:00:00+02:00
2026-01-20T14:30:00+01:00,2026-02-28T18:00:00+01:00
2026-09-10T12:15:00+02:00,2026-09-10T13:45:00+02:00
2026-06-20T18:00:00+02:00,2026-06-20T21:00:00+02:00
2026-09-20T10:30:00+02:00,2026-09-20T20:00:00+02:00
2027-01-27T15:00:00+01:00,2027-01-27T15:45:00+01:00
2026-04-05T16:00:00+02:00,2026-04-05T17:00:00+02:00
2026-05-06T16:00:00+02:00,2026-05-06T18:00:00+02:00
2026-02-14T13:00:00+01:00,2026-05-10T19:00:00+02:00
2026-07-06T10:00:00+02:00,2026-07-16T11:30:00+02:00
2026-06-20T15:00:00+02:00,2026-06-20T15:30:00+02:00
2026-03-07T18:00:00+01:00,2026-03-07T19:15:00+01:00
2026-05-20T17:00:00+02:00,2026-05-20T17:30:00+02:00
2026-03-11T15:00:00+01:00,2026-03-11T16:00:00+01:00
2026-03-18T10:30:00+01:00,2026-03-18T11:00:00+01:00
2026-03-07T11:00:00+01:00,2026-03-07T11:30:00+01:00
2026-03-07T11:00:00+01:00,2026-03-25T16:00:00+01:00
2026-03-18T16:00:00+01:00,2026-03-18T16:30:00+01:00
2026-03-18T15:00:00+01:00,2026-03-18T16:00:00+01:00
2026-06-17T16:30:00+02:00,2026-06-17T18:00:00+02:00
2026-01-28T15:30:00+01:00,2026-01-28T17:30:00+01:00
2026-11-18T15:00:00+01:00,2026-11-18T16:30:00+01:00
2026-10-28T17:00:00+01:00,2026-10-28T17:30:00+01:00
2026-04-08T20:00:00+02:00,2026-04-08T22:00:00+02:00
2026-04-01T10:00:00+02:00,2026-04-10T18:00:00+02:00
2026-11-04T21:00:00+01:00,2026-11-08T18:15:00+01:00
2026-03-08T15:00:00+01:00,2026-03-08T16:30:00+01:00
2026-05-24T09:00:00+02:00,2026-05-24T18:00:00+02:00
2026-02-22T15:30:00+01:00,2026-02-22T17:00:00+01:00
2026-04-03T19:00:00+02:00,2026-04-04T19:00:00+02:00
2026-05-20T20:00:00+02:00,2026-05-22T22:00:00+02:00
2026-03-26T20:30:00+01:00,2026-03-26T23:00:00+01:00
2026-04-23T20:00:00+02:00,2026-04-23T23:00:00+02:00
2026-04-23T15:00:00+02:00,2026-04-23T18:00:00+02:00
2026-09-20T11:00:00+02:00,2026-09-20T16:30:00+02:00
2026-07-15T15:00:00+02:00,2026-07-15T15:43:00+02:00
2026-11-27T20:30:00+01:00,2026-11-27T21:45:00+01:00
2026-01-21T10:30:00+01:00,2026-02-11T17:30:00+01:00
2026-10-14T10:45:00+02:00,2026-11-18T17:30:00+01:00
2026-11-20T19:30:00+01:00,2026-11-20T22:30:00+01:00
2026-04-29T10:30:00+02:00,2026-05-27T17:30:00+02:00
2026-01-27T14:30:00+01:00,2026-02-14T18:00:00+01:00
2026-04-08T17:30:00+02:00,2026-04-08T19:00:00+02:00
2026-05-23T17:00:00+02:00,2026-05-23T17:45:00+02:00
2026-01-28T18:30:00+01:00,2026-01-28T20:00:00+01:00
2026-07-08T14:00:00+02:00,2026-07-08T17:00:00+02:00
2026-03-22T15:00:00+01:00,2026-03-22T17:00:00+01:00
2026-04-09T20:00:00+02:00,2026-04-09T21:00:00+02:00
2026-10-14T14:30:00+02:00,2026-10-14T15:15:00+02:00
2026-01-27T10:00:00+01:00,2026-02-12T17:00:00+01:00
2026-12-16T16:30:00+01:00,2026-12-16T17:30:00+01:00
2026-04-03T19:00:00+02:00,2026-04-04T19:00:00+02:00
2026-10-07T15:30:00+02:00,2026-10-07T18:00:00+02:00
2026-04-01T15:30:00+02:00,2026-04-01T18:00:00+02:00
2026-01-29T08:30:00+01:00,2026-01-29T11:00:00+01:00
2025-10-23T09:30:00+02:00,2025-10-23T12:00:00+02:00
2025-11-06T08:30:00+01:00,2025-11-06T11:00:00+01:00
2025-09-25T09:30:00+02:00,2025-09-25T12:00:00+02:00
2025-10-09T09:30:00+02:00,2025-10-09T12:00:00+02:00
2025-11-18T08:30:00+01:00,2025-11-18T11:00:00+01:00
2026-01-10T10:30:00+01:00,2026-03-21T11:00:00+01:00
2026-01-10T10:30:00+01:00,2026-03-07T11:00:00+01:00
2025-11-23T15:00:00+01:00,2025-11-23T15:45:00+01:00
2026-10-21T10:30:00+02:00,2026-10-21T11:30:00+02:00
2026-05-30T10:30:00+02:00,2026-06-13T11:00:00+02:00
2026-01-14T10:30:00+01:00,2026-03-11T11:00:00+01:00
2026-05-06T14:30:00+02:00,2026-06-24T17:00:00+02:00
2026-10-07T10:45:00+02:00,2026-12-16T11:15:00+01:00
2026-01-31T10:30:00+01:00,2026-03-28T11:00:00+01:00
2026-01-17T10:30:00+01:00,2026-02-21T11:00:00+01:00
2026-04-08T10:00:00+02:00,2026-04-08T12:00:00+02:00
2026-08-16T16:00:00+02:00,2026-08-16T17:00:00+02:00
2026-06-14T14:00:00+02:00,2026-06-14T22:00:00+02:00
2026-03-18T18:30:00+01:00,2026-03-18T21:00:00+01:00
2026-12-15T18:00:00+01:00,2026-12-15T20:00:00+01:00
2026-10-13T18:00:00+02:00,2026-10-13T20:00:00+02:00
2026-02-15T18:00:00+01:00,2026-02-15T19:30:00+01:00
2026-04-05T12:30:00+02:00,2026-04-05T17:00:00+02:00
2026-07-01T21:00:00+02:00,2026-07-04T22:15:00+02:00
2026-01-30T12:00:00+01:00,2026-05-24T18:00:00+02:00
2026-05-26T20:00:00+02:00,2026-05-28T21:10:00+02:00
2027-03-16T20:00:00+01:00,2027-03-26T21:40:00+01:00
2027-05-26T19:00:00+02:00,2027-05-28T20:10:00+02:00
2027-04-14T20:00:00+02:00,2027-04-16T22:50:00+02:00
2026-06-20T11:00:00+02:00,2026-06-20T12:30:00+02:00
2027-05-19T20:00:00+02:00,2027-05-22T22:30:00+02:00
2027-02-11T20:00:00+01:00,2027-02-11T21:10:00+01:00
2025-11-13T20:30:00+01:00,2025-11-13T22:30:00+01:00
2026-11-26T20:00:00+01:00,2026-11-27T22:20:00+01:00
2026-06-26T20:00:00+02:00,2026-06-26T22:00:00+02:00
2026-06-13T20:00:00+02:00,2026-06-14T17:00:00+02:00
2026-05-30T21:00:00+02:00,2026-05-30T22:30:00+02:00
2026-05-08T20:00:00+02:00,2026-05-08T23:00:00+02:00
2026-06-11T20:00:00+02:00,2026-06-11T21:00:00+02:00
2026-04-16T20:00:00+02:00,2026-04-16T23:50:00+02:00
2026-04-11T20:30:00+02:00,2026-04-11T23:30:00+02:00
2026-04-07T14:00:00+02:00,2026-04-07T15:40:00+02:00
2027-06-22T20:00:00+02:00,2027-06-25T21:00:00+02:00
2027-04-09T20:00:00+02:00,2027-04-09T20:50:00+02:00
2027-04-09T20:00:00+02:00,2027-04-09T20:50:00+02:00
2026-06-27T14:00:00+02:00,2026-06-28T19:00:00+02:00
2026-02-03T20:00:00+01:00,2026-02-03T23:00:00+01:00
2026-11-20T18:30:00+01:00,2026-11-20T19:30:00+01:00
2026-10-20T21:00:00+02:00,2026-10-21T22:15:00+02:00
2026-12-16T20:00:00+01:00,2026-12-16T21:30:00+01:00
2026-05-16T16:00:00+02:00,2026-05-16T23:59:00+02:00
2026-04-26T14:00:00+02:00,2026-04-26T20:00:00+02:00
2026-10-27T21:00:00+01:00,2026-10-29T22:15:00+01:00
2026-04-09T20:30:00+02:00,2026-04-09T22:00:00+02:00
2026-02-11T12:30:00+01:00,2026-02-11T13:30:00+01:00
2026-03-13T11:00:00+01:00,2026-03-13T12:30:00+01:00
2026-02-25T10:00:00+01:00,2026-02-28T19:00:00+01:00
2025-11-21T10:00:00+01:00,2025-11-21T13:00:00+01:00
2025-09-27T10:00:00+02:00,2025-09-27T11:00:00+02:00
2026-07-15T09:30:00+02:00,2026-07-15T10:30:00+02:00
2026-10-03T20:30:00+02:00,2026-10-03T22:30:00+02:00
2026-02-07T20:30:00+01:00,2026-02-07T22:30:00+01:00
2026-04-11T20:30:00+02:00,2026-04-11T22:30:00+02:00
2025-09-28T10:00:00+02:00,2025-09-28T11:45:00+02:00
2026-06-24T14:00:00+02:00,2026-06-24T17:00:00+02:00
2027-01-19T21:00:00+01:00,2027-01-24T18:15:00+01:00
2026-02-03T12:00:00+01:00,2026-02-03T14:00:00+01:00
2026-05-23T20:30:00+02:00,2026-05-23T23:59:00+02:00
2026-04-25T15:30:00+02:00,2026-04-25T16:30:00+02:00
2027-01-21T20:30:00+01:00,2027-01-21T21:45:00+01:00
2026-02-06T14:30:00+01:00,2026-02-28T18:00:00+01:00
2026-05-19T14:00:00+02:00,2026-05-19T16:00:00+02:00
2026-09-15T14:30:00+02:00,2026-09-30T18:30:00+02:00
2026-04-04T09:00:00+02:00,2026-04-05T18:00:00+02:00
2026-12-13T15:00:00+01:00,2026-12-13T16:00:00+01:00
2025-12-14T10:00:00+01:00,2025-12-14T19:00:00+01:00
2026-10-01T20:00:00+02:00,2026-10-01T21:20:00+02:00
2026-09-06T15:30:00+02:00,2026-09-06T18:00:00+02:00
2027-01-14T21:00:00+01:00,2027-01-15T22:15:00+01:00
2026-05-20T18:30:00+02:00,2026-05-20T21:00:00+02:00
2027-05-12T14:30:00+02:00,2027-05-12T15:30:00+02:00
2027-03-26T19:00:00+01:00,2027-03-26T19:30:00+01:00
2027-03-26T19:00:00+01:00,2027-03-26T19:30:00+01:00
2026-06-13T09:00:00+02:00,2026-06-13T17:00:00+02:00
2026-03-21T20:00:00+01:00,2026-03-21T23:30:00+01:00
2026-04-04T17:00:00+02:00,2026-04-05T19:45:00+02:00
2026-03-12T16:00:00+01:00,2026-03-18T19:00:00+01:00
2026-05-25T19:30:00+02:00,2026-05-25T20:30:00+02:00
2026-07-01T19:00:00+02:00,2026-07-01T20:00:00+02:00
2026-06-28T14:30:00+02:00,2026-07-04T17:30:00+02:00
2026-07-22T19:00:00+02:00,2026-07-22T23:00:00+02:00
2027-05-30T17:00:00+02:00,2027-05-30T20:30:00+02:00
2026-02-04T16:30:00+01:00,2026-02-06T20:00:00+01:00
2026-05-23T14:30:00+02:00,2026-05-23T23:00:00+02:00
2026-05-23T18:30:00+02:00,2026-05-23T20:30:00+02:00
2026-03-21T18:45:00+01:00,2026-03-21T20:19:00+01:00
2027-03-17T20:00:00+01:00,2027-03-18T21:15:00+01:00
2026-10-07T10:00:00+02:00,2026-10-31T18:00:00+01:00
2026-06-25T16:00:00+02:00,2026-06-25T17:30:00+02:00
2026-05-23T18:00:00+02:00,2026-05-23T23:59:00+02:00
2026-01-22T19:15:00+01:00,2026-01-22T21:15:00+01:00
2027-02-19T20:30:00+01:00,2027-02-19T22:00:00+01:00
2026-04-12T12:00:00+02:00,2026-04-12T20:00:00+02:00
2026-03-19T17:00:00+01:00,2026-03-19T19:30:00+01:00
2026-04-01T12:30:00+02:00,2026-04-01T13:30:00+02:00
2027-01-21T19:00:00+01:00,2027-01-21T20:15:00+01:00
2026-12-15T21:00:00+01:00,2026-12-19T22:15:00+01:00
2026-07-15T21:00:00+02:00,2026-07-18T22:15:00+02:00
2026-08-12T20:00:00+02:00,2026-08-12T21:30:00+02:00
2026-03-12T20:00:00+01:00,2026-09-24T23:59:00+02:00
2025-10-15T09:00:00+02:00,2025-10-15T10:30:00+02:00
2026-03-01T16:30:00+01:00,2026-03-01T18:30:00+01:00
2026-12-13T16:30:00+01:00,2026-12-13T17:30:00+01:00
2026-06-27T10:00:00+02:00,2026-06-27T16:00:00+02:00
2026-05-09T18:00:00+02:00,2026-05-09T19:30:00+02:00
2026-09-04T18:30:00+02:00,2026-09-04T21:30:00+02:00
2026-01-26T09:00:00+01:00,2026-01-26T18:00:00+01:00
2026-09-12T10:00:00+02:00,2026-09-12T11:00:00+02:00
2026-06-07T21:00:00+02:00,2026-06-07T22:30:00+02:00
2025-12-07T11:00:00+01:00,2025-12-07T12:30:00+01:00
2026-11-17T19:00:00+01:00,2026-11-17T20:00:00+01:00
2026-11-19T19:00:00+01:00,2026-11-19T20:00:00+01:00
2025-12-03T13:30:00+01:00,2025-12-18T23:59:00+01:00
2026-06-03T19:00:00+02:00,2026-06-23T21:00:00+02:00
2026-05-28T14:00:00+02:00,2026-05-28T15:30:00+02:00
2026-05-24T08:00:00+02:00,2026-05-24T17:00:00+02:00
2025-11-28T20:00:00+01:00,2025-11-28T22:30:00+01:00
2026-06-14T17:00:00+02:00,2026-06-14T18:00:00+02:00
2025-10-28T21:00:00+01:00,2025-10-28T23:00:00+01:00
2026-01-31T16:00:00+01:00,2026-01-31T17:41:00+01:00
2026-02-07T17:00:00+01:00,2026-02-07T18:30:00+01:00
2026-03-06T14:30:00+01:00,2026-04-04T18:00:00+02:00
2026-03-22T15:30:00+01:00,2026-03-22T18:00:00+01:00
2026-05-23T14:00:00+02:00,2026-05-23T17:00:00+02:00
2026-07-05T10:30:00+02:00,2026-07-05T14:00:00+02:00
2026-07-26T11:00:00+02:00,2026-07-26T15:00:00+02:00
2026-09-01T21:00:00+02:00,2026-09-02T22:15:00+02:00
2026-01-14T10:00:00+01:00,2026-03-25T11:30:00+01:00
2026-08-19T20:00:00+02:00,2026-08-19T22:45:00+02:00
2026-09-16T19:30:00+02:00,2027-06-09T21:00:00+02:00
2026-07-23T14:00:00+02:00,2026-07-23T15:30:00+02:00
2026-07-07T15:30:00+02:00,2026-07-07T18:00:00+02:00
2026-12-29T21:00:00+01:00,2026-12-30T22:15:00+01:00
2026-05-10T18:00:00+02:00,2026-05-10T19:00:00+02:00
2026-05-10T18:00:00+02:00,2026-05-10T19:00:00+02:00
2026-05-10T18:00:00+02:00,2026-05-10T19:00:00+02:00
2026-05-30T20:00:00+02:00,2026-05-31T18:20:00+02:00
2026-02-14T10:30:00+01:00,2026-02-14T11:15:00+01:00
2026-03-22T10:00:00+01:00,2026-03-22T13:00:00+01:00
2027-02-17T19:00:00+01:00,2027-02-17T20:00:00+01:00
2026-10-13T21:00:00+02:00,2026-10-18T18:15:00+02:00
2026-06-12T19:00:00+02:00,2026-06-13T23:59:00+02:00
2026-06-12T19:00:00+02:00,2026-06-13T23:59:00+02:00
2026-04-18T20:30:00+02:00,2026-04-18T23:00:00+02:00
2026-06-18T20:00:00+02:00,2026-06-18T23:00:00+02:00
2026-10-03T17:00:00+02:00,2026-10-03T18:30:00+02:00
2026-06-26T20:00:00+02:00,2026-06-26T21:30:00+02:00
2026-11-26T21:00:00+01:00,2026-11-29T18:15:00+01:00
2027-05-18T18:00:00+02:00,2027-05-18T19:10:00+02:00
2025-10-19T09:30:00+02:00,2025-10-19T11:30:00+02:00
2026-04-04T09:00:00+02:00,2026-04-05T20:00:00+02:00
2026-01-24T10:30:00+01:00,2026-01-24T12:30:00+01:00
2026-06-07T10:00:00+02:00,2026-06-07T17:00:00+02:00
2026-09-05T15:00:00+02:00,2026-09-05T17:00:00+02:00
2026-04-07T20:00:00+02:00,2026-05-01T01:30:00+02:00
2026-09-01T20:00:00+02:00,2026-09-02T21:00:00+02:00
2026-03-12T18:00:00+01:00,2026-03-12T19:30:00+01:00
2025-12-06T10:00:00+01:00,2026-01-24T18:00:00+01:00
2026-10-23T18:00:00+02:00,2026-10-25T02:00:00+02:00
2026-10-23T18:30:00+02:00,2026-10-25T02:00:00+02:00
2026-05-17T10:00:00+02:00,2026-05-17T18:00:00+02:00
2026-05-23T18:30:00+02:00,2026-05-24T20:00:00+02:00
2026-03-05T18:00:00+01:00,2026-03-05T20:30:00+01:00
2026-06-05T21:30:00+02:00,2026-06-05T23:30:00+02:00
2026-05-20T18:30:00+02:00,2026-05-20T21:30:00+02:00
2026-02-04T18:30:00+01:00,2026-02-04T20:00:00+01:00
2026-03-18T18:30:00+01:00,2026-03-18T20:30:00+01:00
2026-03-24T18:00:00+01:00,2026-03-24T21:30:00+01:00
2026-07-19T23:00:00+02:00,2026-07-19T23:17:00+02:00
2026-06-08T20:30:00+02:00,2026-06-08T22:00:00+02:00
2025-09-30T14:00:00+02:00,2025-09-30T16:00:00+02:00
2026-04-10T19:30:00+02:00,2026-04-10T20:30:00+02:00
2026-06-25T19:00:00+02:00,2026-06-25T20:30:00+02:00
2026-04-04T15:00:00+02:00,2026-04-04T17:00:00+02:00
2026-06-14T16:00:00+02:00,2026-06-14T16:30:00+02:00
2027-02-09T20:30:00+01:00,2027-02-09T21:50:00+01:00
2027-02-09T20:30:00+01:00,2027-02-09T21:50:00+01:00
2026-11-26T21:00:00+01:00,2026-11-27T20:15:00+01:00
2026-11-26T21:00:00+01:00,2026-11-27T20:15:00+01:00
2026-10-03T16:00:00+02:00,2026-10-03T17:00:00+02:00
2026-04-17T19:00:00+02:00,2026-04-18T00:30:00+02:00
2026-10-15T10:30:00+02:00,2026-10-15T12:30:00+02:00
2025-12-28T13:30:00+01:00,2025-12-28T21:00:00+01:00
2026-06-27T20:00:00+02:00,2026-06-27T22:00:00+02:00
2026-05-21T20:30:00+02:00,2026-06-05T22:00:00+02:00
2026-11-25T21:00:00+01:00,2026-11-28T16:45:00+01:00
2026-05-31T17:00:00+02:00,2026-05-31T18:30:00+02:00
2026-03-06T20:00:00+01:00,2026-03-06T21:00:00+01:00
2026-02-13T20:45:00+01:00,2026-02-13T23:00:00+01:00
2026-10-14T15:00:00+02:00,2026-10-14T15:40:00+02:00
2026-10-14T15:00:00+02:00,2026-10-14T15:40:00+02:00
2026-01-29T20:15:00+01:00,2026-01-29T21:40:00+01:00
2026-02-04T14:00:00+01:00,2026-02-04T15:41:00+01:00
2026-04-25T20:30:00+02:00,2026-04-25T23:00:00+02:00
2026-06-14T12:00:00+02:00,2026-10-04T18:30:00+02:00
2026-05-15T20:00:00+02:00,2026-05-15T23:59:00+02:00
2026-05-09T10:30:00+02:00,2026-05-09T11:30:00+02:00
2026-05-09T10:30:00+02:00,2026-05-09T12:00:00+02:00
2026-05-24T08:00:00+02:00,2026-05-24T20:00:00+02:00
2026-09-22T20:00:00+02:00,2026-09-22T21:30:00+02:00
2026-06-28T14:00:00+02:00,2026-06-28T18:00:00+02:00
2026-03-26T20:00:00+01:00,2026-03-26T20:30:00+01:00
2026-03-28T10:30:00+01:00,2026-03-29T18:00:00+02:00
2026-06-06T20:00:00+02:00,2026-06-06T22:00:00+02:00
2026-05-13T18:30:00+02:00,2026-05-13T20:30:00+02:00
2026-11-10T17:00:00+01:00,2026-11-10T18:00:00+01:00
2026-03-29T14:30:00+02:00,2026-03-29T17:00:00+02:00
2026-05-27T20:00:00+02:00,2026-05-28T23:00:00+02:00
2026-05-20T20:00:00+02:00,2026-05-22T21:30:00+02:00
2026-06-28T12:00:00+02:00,2026-06-28T18:00:00+02:00
2026-02-27T19:30:00+01:00,2026-02-28T23:59:00+01:00
2026-02-11T15:30:00+01:00,2026-02-11T18:30:00+01:00
2026-07-08T15:30:00+02:00,2026-07-08T18:00:00+02:00
2025-09-20T09:30:00+02:00,2026-06-20T12:00:00+02:00
2026-03-21T17:30:00+01:00,2026-03-21T19:00:00+01:00
2026-06-15T20:30:00+02:00,2026-06-15T22:00:00+02:00
2026-11-04T10:00:00+01:00,2026-11-28T18:00:00+01:00
2026-04-28T20:30:00+02:00,2026-04-29T23:00:00+02:00
2026-07-26T15:00:00+02:00,2026-07-26T15:40:00+02:00
2026-06-11T20:00:00+02:00,2026-06-11T23:59:00+02:00
2026-09-04T21:00:00+02:00,2026-09-05T22:30:00+02:00
2026-03-14T10:00:00+01:00,2026-03-14T19:00:00+01:00
2026-08-30T13:30:00+02:00,2026-08-30T20:30:00+02:00
2026-01-24T14:00:00+01:00,2026-02-22T18:00:00+01:00
2026-05-14T18:00:00+02:00,2026-05-14T19:30:00+02:00
2026-04-10T09:00:00+02:00,2026-04-12T19:00:00+02:00
2026-09-19T15:30:00+02:00,2026-09-19T16:30:00+02:00
2026-03-10T19:00:00+01:00,2026-03-10T21:00:00+01:00
2026-06-03T18:00:00+02:00,2026-06-03T20:00:00+02:00
2026-01-14T09:30:00+01:00,2026-03-13T17:30:00+01:00
2027-01-28T20:30:00+01:00,2027-01-29T21:30:00+01:00
2027-01-28T20:30:00+01:00,2027-01-29T21:30:00+01:00
2026-01-03T15:30:00+01:00,2026-01-03T17:00:00+01:00
2026-03-25T20:30:00+01:00,2026-03-27T15:30:00+01:00
2026-09-29T20:00:00+02:00,2026-10-09T22:30:00+02:00
2026-11-17T19:00:00+01:00,2026-11-21T19:00:00+01:00
2026-05-24T14:00:00+02:00,2026-05-25T01:00:00+02:00
2025-11-18T14:30:00+01:00,2025-11-18T17:44:00+01:00
2027-06-02T20:30:00+02:00,2027-06-04T21:45:00+02:00
2026-03-21T16:15:00+01:00,2026-03-21T18:08:00+01:00
2025-12-19T20:30:00+01:00,2025-12-19T23:30:00+01:00
2025-10-10T20:30:00+02:00,2025-10-10T22:00:00+02:00
2026-12-08T20:30:00+01:00,2026-12-08T22:00:00+01:00
2026-02-19T20:30:00+01:00,2026-02-19T22:30:00+01:00
2026-03-26T20:15:00+01:00,2026-03-26T21:33:00+01:00
2026-05-07T20:30:00+02:00,2026-05-07T21:30:00+02:00
2026-04-02T20:30:00+02:00,2026-04-02T21:53:00+02:00
2026-09-23T16:30:00+02:00,2026-09-23T17:00:00+02:00
2026-11-18T21:00:00+01:00,2026-11-22T18:15:00+01:00
2026-04-16T18:45:00+02:00,2026-04-16T20:23:00+02:00
2025-10-26T10:00:00+01:00,2025-10-26T18:00:00+01:00
2026-05-10T10:00:00+02:00,2026-05-10T18:00:00+02:00
2026-08-31T15:00:00+02:00,2026-09-19T20:00:00+02:00
2026-03-28T14:00:00+01:00,2026-03-28T17:00:00+01:00
2026-10-17T10:45:00+02:00,2026-12-12T11:15:00+01:00
2026-10-30T21:00:00+01:00,2026-11-01T18:15:00+01:00
2026-11-14T20:00:00+01:00,2026-11-14T21:00:00+01:00
2026-06-26T05:00:00+02:00,2026-06-28T18:30:00+02:00
2026-04-12T18:00:00+02:00,2026-04-12T19:30:00+02:00
2026-02-08T18:00:00+01:00,2026-02-08T19:30:00+01:00
2026-02-01T17:30:00+01:00,2026-02-01T19:30:00+01:00
2026-05-15T20:00:00+02:00,2026-05-15T23:00:00+02:00
2026-05-09T12:00:00+02:00,2026-05-10T12:30:00+02:00
2026-05-09T12:00:00+02:00,2026-05-10T12:30:00+02:00
2026-05-03T16:00:00+02:00,2026-05-03T18:00:00+02:00
2026-09-27T15:00:00+02:00,2026-09-27T17:00:00+02:00
2026-06-20T15:00:00+02:00,2026-06-20T17:30:00+02:00
2026-08-21T20:00:00+02:00,2026-08-21T23:00:00+02:00
2026-04-28T09:00:00+02:00,2026-05-12T16:00:00+02:00
2026-02-26T09:00:00+01:00,2026-02-26T17:00:00+01:00
2026-02-26T09:00:00+01:00,2026-02-26T17:00:00+01:00
2026-02-27T09:00:00+01:00,2026-02-27T17:00:00+01:00
2026-02-27T09:00:00+01:00,2026-02-27T17:00:00+01:00
2026-02-27T09:00:00+01:00,2026-02-27T17:00:00+01:00
2026-02-25T09:00:00+01:00,2026-03-15T18:00:00+01:00
2026-03-12T19:00:00+01:00,2026-03-12T23:59:00+01:00
2026-11-10T20:00:00+01:00,2026-11-10T21:00:00+01:00
2026-07-29T15:00:00+02:00,2026-07-29T16:30:00+02:00
2027-01-22T19:00:00+01:00,2027-01-22T21:00:00+01:00
2026-03-05T20:00:00+01:00,2026-03-05T23:59:00+01:00
2026-09-11T20:00:00+02:00,2026-09-11T23:00:00+02:00
2026-05-23T19:00:00+02:00,2026-05-23T23:59:00+02:00
2026-05-29T20:00:00+02:00,2026-05-29T23:59:00+02:00
2026-03-21T20:00:00+01:00,2026-03-22T00:30:00+01:00
2026-06-14T18:00:00+02:00,2026-06-14T20:00:00+02:00
2026-11-20T20:00:00+01:00,2026-11-20T23:00:00+01:00
2025-11-29T19:30:00+01:00,2025-11-29T23:59:00+01:00
2026-06-11T17:00:00+02:00,2026-06-11T21:30:00+02:00
2025-11-23T15:00:00+01:00,2025-11-23T17:00:00+01:00
2026-01-18T14:00:00+01:00,2026-01-18T18:00:00+01:00
2026-04-30T20:00:00+02:00,2026-04-30T23:00:00+02:00
2026-09-18T10:00:00+02:00,2026-09-18T14:00:00+02:00
2026-07-03T13:00:00+02:00,2026-09-19T18:00:00+02:00
2026-05-09T22:00:00+02:00,2026-05-09T23:59:00+02:00
2026-05-10T14:30:00+02:00,2026-05-10T16:30:00+02:00
2026-05-10T16:00:00+02:00,2026-05-10T18:00:00+02:00
2026-03-03T20:00:00+01:00,2026-03-03T21:00:00+01:00
2026-03-17T19:30:00+01:00,2026-03-17T21:30:00+01:00
2026-05-31T16:00:00+02:00,2026-05-31T17:30:00+02:00
2026-05-10T14:30:00+02:00,2026-05-10T16:00:00+02:00
2026-05-23T11:00:00+02:00,2026-05-23T12:00:00+02:00
2026-05-10T16:00:00+02:00,2026-05-10T17:30:00+02:00
2026-05-09T22:00:00+02:00,2026-05-09T23:59:00+02:00
2026-08-13T19:00:00+02:00,2026-08-13T20:00:00+02:00
2026-03-22T15:30:00+01:00,2026-03-22T17:30:00+01:00
2026-06-24T19:30:00+02:00,2026-06-24T22:30:00+02:00
2026-03-08T17:00:00+01:00,2026-03-08T18:00:00+01:00
2026-09-05T17:00:00+02:00,2026-09-06T18:00:00+02:00
2026-11-28T19:30:00+01:00,2026-11-28T20:30:00+01:00
2026-06-25T19:00:00+02:00,2026-06-25T22:00:00+02:00
2026-05-10T14:30:00+02:00,2026-05-10T16:30:00+02:00
2026-07-04T16:30:00+02:00,2026-07-04T17:30:00+02:00
2026-05-09T15:00:00+02:00,2026-05-09T17:00:00+02:00
2026-05-09T15:00:00+02:00,2026-05-09T17:00:00+02:00
2026-02-18T16:00:00+01:00,2026-02-18T17:00:00+01:00
2026-05-22T20:30:00+02:00,2026-05-22T22:00:00+02:00
2026-06-26T20:00:00+02:00,2026-06-26T22:00:00+02:00
2026-05-08T20:00:00+02:00,2026-05-08T22:00:00+02:00
2026-05-08T20:00:00+02:00,2026-05-08T22:00:00+02:00
2026-06-05T20:30:00+02:00,2026-06-07T16:30:00+02:00
2026-06-18T20:00:00+02:00,2026-06-18T22:00:00+02:00
2026-04-02T20:00:00+02:00,2026-04-02T21:00:00+02:00
2026-05-10T10:00:00+02:00,2026-05-10T11:00:00+02:00
2026-05-09T11:00:00+02:00,2026-05-09T12:00:00+02:00
2026-05-10T10:00:00+02:00,2026-05-10T11:00:00+02:00
2026-05-10T11:00:00+02:00,2026-05-10T12:00:00+02:00
2026-05-10T10:00:00+02:00,2026-05-10T11:00:00+02:00
2026-05-09T11:00:00+02:00,2026-05-09T12:00:00+02:00
2026-05-21T17:30:00+02:00,2026-05-30T21:15:00+02:00
2026-05-09T20:00:00+02:00,2026-05-09T22:00:00+02:00
2026-05-09T20:00:00+02:00,2026-05-09T22:00:00+02:00
2026-05-03T15:30:00+02:00,2026-05-03T17:30:00+02:00
2026-03-20T20:30:00+01:00,2026-03-20T22:00:00+01:00
2026-05-10T16:00:00+02:00,2026-05-10T18:00:00+02:00
2026-04-01T16:30:00+02:00,2026-04-01T17:15:00+02:00
2026-11-07T10:00:00+01:00,2026-11-08T17:30:00+01:00
2027-04-19T10:00:00+02:00,2027-04-23T17:30:00+02:00
2027-02-22T10:00:00+01:00,2027-02-26T17:30:00+01:00
2026-07-13T10:00:00+02:00,2026-07-16T15:30:00+02:00
2026-02-16T09:30:00+01:00,2026-02-20T17:00:00+01:00
2026-04-13T09:30:00+02:00,2026-04-17T17:00:00+02:00
2026-07-16T10:00:00+02:00,2026-07-17T16:00:00+02:00
2027-04-20T14:00:00+02:00,2027-04-22T18:00:00+02:00
2027-02-22T11:00:00+01:00,2027-02-24T16:00:00+01:00
2026-07-12T18:00:00+02:00,2026-07-12T19:30:00+02:00
2026-07-13T09:30:00+02:00,2026-07-15T17:00:00+02:00
2026-07-14T10:00:00+02:00,2026-07-16T15:00:00+02:00
2026-10-26T14:00:00+01:00,2026-10-28T18:00:00+01:00
2027-03-02T09:00:00+01:00,2027-03-03T18:00:00+01:00
2026-04-13T10:00:00+02:00,2026-04-15T15:00:00+02:00
2026-02-19T10:00:00+01:00,2026-02-20T17:00:00+01:00
2026-04-13T10:00:00+02:00,2026-04-14T17:00:00+02:00
2026-04-13T14:00:00+02:00,2026-04-17T16:00:00+02:00
2026-11-21T10:00:00+01:00,2026-11-22T17:30:00+01:00
2026-03-21T10:00:00+01:00,2026-04-04T17:00:00+02:00
2026-07-27T10:00:00+02:00,2026-07-31T12:00:00+02:00
2026-05-23T14:00:00+02:00,2026-05-23T18:15:00+02:00
2026-07-20T10:00:00+02:00,2026-07-24T12:00:00+02:00
2026-05-02T14:00:00+02:00,2026-05-02T18:15:00+02:00
2026-02-16T14:00:00+01:00,2026-02-18T16:00:00+01:00
2026-06-18T14:00:00+02:00,2026-06-20T16:00:00+02:00
2026-05-24T17:00:00+02:00,2026-05-24T17:40:00+02:00
2026-05-24T20:00:00+02:00,2026-05-24T23:59:00+02:00
2026-11-27T18:30:00+01:00,2026-11-27T19:05:00+01:00
2026-05-05T20:00:00+02:00,2026-05-07T21:45:00+02:00
2026-05-22T19:00:00+02:00,2026-05-22T21:00:00+02:00
2026-05-30T11:00:00+02:00,2026-05-30T17:00:00+02:00
2026-11-19T20:00:00+01:00,2026-11-19T21:30:00+01:00
2026-07-16T18:00:00+02:00,2026-07-16T19:00:00+02:00
2027-01-30T21:00:00+01:00,2027-01-31T18:15:00+01:00
2026-03-18T21:00:00+01:00,2026-03-19T22:15:00+01:00
2026-05-11T20:00:00+02:00,2026-05-13T21:40:00+02:00
2026-11-19T21:00:00+01:00,2026-11-20T22:10:00+01:00
2026-11-19T21:00:00+01:00,2026-11-20T22:10:00+01:00
2026-11-19T21:00:00+01:00,2026-11-20T22:10:00+01:00
2026-03-07T11:00:00+01:00,2026-03-07T12:00:00+01:00
2026-12-02T20:30:00+01:00,2026-12-06T19:30:00+01:00
2026-12-02T20:30:00+01:00,2026-12-06T19:30:00+01:00
2026-04-20T19:00:00+02:00,2026-04-20T21:00:00+02:00
2027-02-03T20:30:00+01:00,2027-02-05T21:30:00+01:00
2025-11-30T20:45:00+01:00,2025-11-30T22:13:00+01:00
2027-01-29T19:00:00+01:00,2027-02-05T19:30:00+01:00
2026-01-15T19:00:00+01:00,2026-01-15T21:00:00+01:00
2026-06-06T14:00:00+02:00,2026-06-06T20:00:00+02:00
2027-03-19T20:30:00+01:00,2027-03-19T23:30:00+01:00
2027-03-19T20:30:00+01:00,2027-03-19T23:30:00+01:00
2026-04-19T16:00:00+02:00,2026-04-19T17:00:00+02:00
2026-01-13T17:00:00+01:00,2026-03-31T18:00:00+02:00
2026-11-03T10:00:00+01:00,2026-11-15T18:00:00+01:00
2026-10-03T20:30:00+02:00,2026-10-03T22:30:00+02:00
2026-04-17T20:00:00+02:00,2026-04-17T23:00:00+02:00
2027-01-07T20:00:00+01:00,2027-01-07T21:30:00+01:00
2027-05-23T14:00:00+02:00,2027-08-01T17:30:00+02:00
2026-11-25T14:30:00+01:00,2026-11-25T16:30:00+01:00
2026-04-03T20:30:00+02:00,2026-04-03T22:00:00+02:00
2026-01-09T20:00:00+01:00,2026-01-09T21:00:00+01:00
2026-08-29T19:00:00+02:00,2026-08-29T20:00:00+02:00
2026-09-18T19:00:00+02:00,2026-09-18T20:00:00+02:00
2026-03-29T19:00:00+02:00,2026-03-29T20:00:00+02:00
2026-03-28T16:00:00+01:00,2026-03-28T17:00:00+01:00
2026-03-26T20:30:00+01:00,2026-03-26T22:00:00+01:00
2026-05-20T14:30:00+02:00,2026-05-20T16:15:00+02:00
2025-11-30T15:00:00+01:00,2025-11-30T16:00:00+01:00
2026-01-18T15:00:00+01:00,2026-01-18T16:00:00+01:00
2026-01-25T15:00:00+01:00,2026-01-25T16:00:00+01:00
2026-03-29T16:30:00+02:00,2026-03-29T17:30:00+02:00
2026-03-29T16:30:00+02:00,2026-03-29T17:30:00+02:00
2026-01-11T15:00:00+01:00,2026-01-11T16:00:00+01:00
2026-02-08T15:00:00+01:00,2026-02-08T16:15:00+01:00
2026-03-15T15:00:00+01:00,2026-03-15T16:00:00+01:00
2026-03-28T20:30:00+01:00,2026-03-29T15:30:00+02:00
2026-02-01T15:00:00+01:00,2026-02-01T16:15:00+01:00
2026-03-22T14:30:00+01:00,2026-03-22T18:30:00+01:00
2026-11-27T20:00:00+01:00,2026-11-27T21:00:00+01:00
2026-06-28T15:15:00+02:00,2026-06-28T17:35:00+02:00
2026-02-14T20:30:00+01:00,2026-02-14T22:30:00+01:00
2026-06-13T11:00:00+02:00,2026-09-26T12:00:00+02:00
2027-03-26T20:00:00+01:00,2027-03-26T20:50:00+01:00
2027-03-19T17:30:00+01:00,2027-03-19T18:10:00+01:00
2026-02-05T20:00:00+01:00,2026-02-05T23:59:00+01:00
2026-12-08T21:00:00+01:00,2026-12-09T22:15:00+01:00
2026-02-14T18:15:00+01:00,2026-02-14T20:15:00+01:00
2026-04-11T18:45:00+02:00,2026-04-11T20:40:00+02:00
2026-04-26T10:00:00+02:00,2026-04-26T18:00:00+02:00
2026-02-26T20:15:00+01:00,2026-02-26T21:48:00+01:00
2026-05-31T15:00:00+02:00,2026-05-31T17:00:00+02:00
2026-04-09T18:00:00+02:00,2026-04-09T19:30:00+02:00
2026-04-09T18:00:00+02:00,2026-04-09T19:30:00+02:00
2026-06-05T19:00:00+02:00,2026-06-05T23:59:00+02:00
2026-09-05T19:00:00+02:00,2026-09-05T23:59:00+02:00
2026-09-13T10:30:00+02:00,2026-09-13T11:15:00+02:00
2026-04-25T10:00:00+02:00,2026-04-26T19:00:00+02:00
2026-06-07T09:00:00+02:00,2026-06-07T17:00:00+02:00
2026-06-07T14:00:00+02:00,2026-06-07T17:15:00+02:00
2026-03-11T12:30:00+01:00,2026-03-11T13:30:00+01:00
2026-06-10T18:00:00+02:00,2026-06-10T20:10:00+02:00
2026-03-01T15:30:00+01:00,2026-03-01T17:00:00+01:00
2026-07-20T12:00:00+02:00,2026-07-26T20:30:00+02:00
2025-11-22T21:00:00+01:00,2025-11-22T23:00:00+01:00
2026-03-24T14:30:00+01:00,2026-03-24T16:30:00+01:00
2025-10-16T09:00:00+02:00,2025-10-16T12:00:00+02:00
2026-07-12T17:00:00+02:00,2026-07-12T18:00:00+02:00
2026-02-14T13:00:00+01:00,2026-02-14T18:00:00+01:00
2026-04-29T18:00:00+02:00,2026-04-29T22:00:00+02:00
2026-02-20T17:00:00+01:00,2026-02-20T21:00:00+01:00
2026-09-18T18:00:00+02:00,2026-09-18T20:00:00+02:00
2026-03-07T17:30:00+01:00,2026-03-07T18:00:00+01:00
2026-03-01T14:00:00+01:00,2026-03-01T18:00:00+01:00
2026-07-15T19:00:00+02:00,2026-07-15T20:00:00+02:00
2026-04-14T15:00:00+02:00,2026-04-14T18:00:00+02:00
2026-03-05T11:00:00+01:00,2026-03-08T23:59:00+01:00
2026-05-10T15:00:00+02:00,2026-05-10T16:00:00+02:00
2026-05-10T16:00:00+02:00,2026-05-10T17:00:00+02:00
2026-05-17T15:00:00+02:00,2026-05-17T16:00:00+02:00
2026-05-17T16:00:00+02:00,2026-05-17T17:00:00+02:00
2026-04-12T16:00:00+02:00,2026-04-12T17:00:00+02:00
2026-05-31T15:00:00+02:00,2026-05-31T16:00:00+02:00
2026-07-05T16:00:00+02:00,2026-07-05T17:00:00+02:00
2026-06-28T16:00:00+02:00,2026-06-28T17:00:00+02:00
2026-02-14T10:00:00+01:00,2026-02-14T12:00:00+01:00
2026-09-19T14:00:00+02:00,2026-09-20T18:30:00+02:00
2026-09-18T10:00:00+02:00,2026-09-20T19:00:00+02:00
2026-09-19T10:00:00+02:00,2026-09-20T17:30:00+02:00
2026-09-19T09:00:00+02:00,2026-09-20T18:00:00+02:00
2026-09-19T14:00:00+02:00,2026-09-20T18:00:00+02:00
2026-09-19T09:00:00+02:00,2026-09-20T18:00:00+02:00
2026-09-27T16:00:00+02:00,2026-09-27T17:00:00+02:00
2027-01-23T14:00:00+01:00,2027-01-23T18:00:00+01:00
2026-08-23T16:00:00+02:00,2026-08-23T17:00:00+02:00
2026-04-12T15:00:00+02:00,2026-04-12T15:30:00+02:00
2026-07-05T15:00:00+02:00,2026-07-05T15:30:00+02:00
2026-06-28T14:00:00+02:00,2026-06-28T18:00:00+02:00
2026-04-13T15:00:00+02:00,2026-05-15T16:30:00+02:00
2026-06-27T14:00:00+02:00,2026-06-27T18:00:00+02:00
2027-04-13T17:30:00+02:00,2027-04-13T18:30:00+02:00
2026-10-06T17:30:00+02:00,2026-10-06T18:30:00+02:00
2026-10-12T17:30:00+02:00,2026-10-12T18:30:00+02:00
2026-10-09T17:30:00+02:00,2026-10-09T18:30:00+02:00
2026-10-05T17:30:00+02:00,2026-10-05T18:30:00+02:00
2026-06-28T14:00:00+02:00,2026-06-28T17:30:00+02:00
2026-07-09T18:15:00+02:00,2026-07-09T20:00:00+02:00
2026-07-26T16:00:00+02:00,2026-07-26T17:00:00+02:00
2026-09-06T10:30:00+02:00,2026-09-06T11:15:00+02:00
2026-09-27T10:30:00+02:00,2026-09-27T11:15:00+02:00
2026-02-01T15:30:00+01:00,2026-02-01T16:15:00+01:00
2026-04-05T15:00:00+02:00,2026-04-05T15:30:00+02:00
2026-03-14T14:00:00+01:00,2026-03-14T17:00:00+01:00
2026-08-23T15:00:00+02:00,2026-08-23T17:00:00+02:00
2026-07-24T14:00:00+02:00,2026-08-23T18:30:00+02:00
2026-10-08T20:00:00+02:00,2026-10-08T21:15:00+02:00
2026-03-11T15:00:00+01:00,2026-03-11T16:30:00+01:00
2026-06-27T21:30:00+02:00,2026-06-27T22:30:00+02:00
2026-10-02T14:30:00+02:00,2026-10-03T18:00:00+02:00
2026-09-16T15:00:00+02:00,2026-09-16T17:00:00+02:00
2026-03-03T14:00:00+01:00,2026-03-03T17:00:00+01:00
2026-04-07T14:00:00+02:00,2026-04-07T17:00:00+02:00
2027-03-26T20:30:00+01:00,2027-03-26T21:45:00+01:00
2027-03-26T20:30:00+01:00,2027-03-26T21:45:00+01:00
2027-05-21T20:30:00+02:00,2027-05-21T21:20:00+02:00
2027-05-21T20:30:00+02:00,2027-05-21T21:20:00+02:00
2026-06-27T18:30:00+02:00,2026-06-27T19:30:00+02:00
2026-06-27T20:30:00+02:00,2026-06-27T21:30:00+02:00
2026-06-28T18:00:00+02:00,2026-06-28T19:00:00+02:00
2026-06-28T14:30:00+02:00,2026-06-28T16:00:00+02:00
2026-06-27T15:00:00+02:00,2026-06-27T16:00:00+02:00
2026-07-25T14:00:00+02:00,2026-07-26T13:00:00+02:00
2025-12-21T14:00:00+01:00,2025-12-21T18:00:00+01:00
2026-06-21T16:00:00+02:00,2026-06-21T21:00:00+02:00
2026-06-24T09:00:00+02:00,2026-06-25T16:00:00+02:00
2026-04-01T16:00:00+02:00,2026-05-28T22:00:00+02:00
2025-10-12T14:00:00+02:00,2025-10-12T18:00:00+02:00
2026-07-23T20:30:00+02:00,2026-07-23T22:00:00+02:00
2027-05-19T20:30:00+02:00,2027-05-19T21:25:00+02:00
2027-05-19T20:30:00+02:00,2027-05-19T21:25:00+02:00
2026-05-23T15:00:00+02:00,2026-05-24T03:00:00+02:00
2026-04-29T20:00:00+02:00,2026-04-29T23:59:00+02:00
2026-04-01T20:00:00+02:00,2026-04-01T23:30:00+02:00
2025-10-12T16:00:00+02:00,2025-10-12T17:00:00+02:00
2026-02-01T15:00:00+01:00,2026-02-01T17:00:00+01:00
2026-03-20T18:30:00+01:00,2026-03-20T20:30:00+01:00
2026-08-12T20:00:00+02:00,2026-08-12T22:00:00+02:00
2026-06-26T19:00:00+02:00,2026-06-26T22:00:00+02:00
2026-03-20T14:00:00+01:00,2026-05-16T18:00:00+02:00
2026-02-14T21:00:00+01:00,2026-02-14T23:59:00+01:00
2026-03-14T09:00:00+01:00,2026-03-14T17:00:00+01:00
2026-06-06T14:00:00+02:00,2026-12-19T19:00:00+01:00
2026-01-31T20:30:00+01:00,2026-01-31T23:00:00+01:00
2026-02-15T13:00:00+01:00,2026-02-15T19:00:00+01:00
2026-01-25T16:00:00+01:00,2026-01-25T18:30:00+01:00
2026-05-19T19:00:00+02:00,2026-05-19T21:00:00+02:00
2025-11-16T09:00:00+01:00,2025-11-16T23:00:00+01:00
2026-07-26T19:00:00+02:00,2026-07-26T21:00:00+02:00
2026-04-13T13:30:00+02:00,2026-04-15T13:00:00+02:00
2026-06-10T14:30:00+02:00,2026-06-10T16:30:00+02:00
2026-05-30T14:00:00+02:00,2026-06-21T14:30:00+02:00
2026-05-05T14:30:00+02:00,2026-06-13T18:00:00+02:00
2026-09-06T10:00:00+02:00,2026-09-06T20:00:00+02:00
2026-10-15T19:00:00+02:00,2026-10-15T20:00:00+02:00
2026-09-25T19:00:00+02:00,2026-09-25T21:00:00+02:00
2026-06-26T20:00:00+02:00,2026-06-26T22:30:00+02:00
2026-03-29T15:00:00+02:00,2026-03-29T16:15:00+02:00
2026-03-06T14:30:00+01:00,2026-04-04T18:00:00+02:00
2026-10-08T21:00:00+02:00,2026-10-11T18:15:00+02:00
2026-05-17T13:15:00+02:00,2026-05-17T17:00:00+02:00
2026-07-01T10:00:00+02:00,2026-08-31T18:00:00+02:00
2026-07-16T15:00:00+02:00,2026-07-16T15:30:00+02:00
2026-07-16T14:30:00+02:00,2026-07-16T15:00:00+02:00
2026-03-04T09:00:00+01:00,2026-03-28T18:00:00+01:00
2026-07-06T08:00:00+02:00,2026-07-31T18:00:00+02:00
2026-03-24T14:00:00+01:00,2026-03-28T18:00:00+01:00
2026-07-01T14:00:00+02:00,2026-07-01T19:00:00+02:00
2026-03-29T14:30:00+02:00,2026-03-29T16:30:00+02:00
2026-06-24T20:00:00+02:00,2026-06-24T21:00:00+02:00
2026-06-17T18:00:00+02:00,2026-06-17T19:00:00+02:00
2026-06-22T18:30:00+02:00,2026-06-22T19:30:00+02:00
2026-04-22T14:00:00+02:00,2026-04-22T16:00:00+02:00
2026-03-17T10:00:00+01:00,2026-03-17T12:00:00+01:00
2026-09-15T14:00:00+02:00,2026-09-15T16:00:00+02:00
2026-07-16T15:30:00+02:00,2026-07-16T17:00:00+02:00
